13	ShopEx	企业	www.shopex.cn
16	PHPCMS	企业	www.phpcms.cn
22	互动百科	企业	www.baike.com
23	KesionCMS	企业	www.kesion.com
24	ESPCMS	企业	www.ecisp.cn
26	KingCMS	企业	www.kingcms.com
30	CmsEasy	企业	cmseasy.cn
31	PHPDisk	企业	www.phpdisk.com
36	Destoon	互联网	www.destoon.com
38	Modoer	企业	www.modoer.com
41	ShopNC	企业	www.shopnc.net
43	嘉挚科技	企业	www.finereason.com
44	智睿软件	企业	www.zhirui.net
45	PHPB2B	企业	www.phpb2b.com
46	fsmcms	企业	www.bjdfwh.com.cn
47	MetInfo	企业	www.metinfo.cn
48	tipask问答系统	企业	www.tipask.com
50	成都金铠甲科技有限公司	企业	www.live800.com
51	phpyun人才招聘系统	企业	www.phpyun.com
52	SiteServerCMS	企业	www.siteserver.cn
53	PageAdmin	企业	www.pageadmin.net
54	CSDN	互联网	www.csdn.net
55	小米科技	互联网	www.mi.com
56	上海交通大学	高校	www.sjtu.edu.cn
58	新浪	互联网	www.sina.com.cn
69	西安启莱软件科技有限公司	企业	www.qioa.cn
70	十九楼	互联网	www.19lou.com
71	上海三七玩网络科技有限公司	互联网	www.37.com
72	有利网	金融	yooli.com
73	北京车道信息技术有限公司	互联网	www.feelcars.com
74	西部动力	互联网	www.westengine.com
75	天极网	互联网	www.yesky.com
76	PPTV(PPlive)	互联网	www.pptv.com
77	上海极图信息科技有限公司	企业	www.g2information.com
78	深圳市沃森科技有限公司	企业	www.wosen-ev.com
79	广西天空数码商城	企业	www.skyshuma.cn
80	中国足彩网	互联网	www.zgzcw.com
81	家庭医生在线	医药	www.familydoctor.com.cn
82	智联招聘	企业	www.zhaopin.com
83	广州酷狗	互联网	www.kugou.com
84	西部数码	互联网	
85	中国物通时空网络有限公司	企业	
86	北京中搜网络技术股份有限公司	企业	
87	英盛集团	企业	
88	派代网	互联网	
89	浙江百方网科技有限公司	企业	
90	中山教育信息港	互联网	
91	华奥星空(北京)信息技术公司	企业	
92	六房间	互联网	
93	汉能集团	企业	
94	出国留学网	互联网	
95	成都天睿信息技术有限公司	互联网	
96	天际网	互联网	
97	39健康网	医药	
98	爱拍网	互联网	
99	上海吉祥航空股份有限公司	航天航空	
100	51wan	互联网	
102	万通汽修学校	高校	
103	调查派	互联网	
104	完美时空	互联网	
105	ESET	企业	
106	启明星工作室	互联网	
107	中国足球信息网	互联网	
108	九合游戏	互联网	
109	厦门房地产联合网论坛	互联网	
111	电脑之家	互联网	
112	金融界网站	金融	
113	天喜集团	企业	
114	网上好三街	互联网	
115	中国白银网	金融	
116	通商汇	互联网	
118	壹壹科技CMS内容管理系统	企业	
119	茶树网	互联网	
120	中国甘肃网	企业	
121	htc	互联网	
122	厦门房地产论坛	互联网	
123	第一车网	互联网	
124	杭州宏创电子商务有限公司	企业	
125	杭州网	互联网	
126	05WAN	互联网	
127	龙图游戏	互联网	
128	纳金网	互联网	
129	浙江网盛生意宝股份有限公司	企业	
130	江苏卫视	媒体	
131	FengCms	企业	
132	决胜教育集团	企业	
133	白金汉英语官方网站	企业	
134	誉杰管理咨询有限公司	企业	
135	杭州意法服饰城有限公司	企业	
137	天之游	旅游	
138	慧沃网	互联网	
140	大连天健信息技术有限公司	企业	
141	环球旅游网	互联网	
142	北京火山动力网络技术有限公司	企业	
144	中国白金网	金融	
145	中国教育干部培训网	互联网	
146	柳州动起来网络广告传媒	媒体	
147	置家网	互联网	
148	多玩歪歪	互联网	
149	百科名医	医药	
150	父母网	互联网	
151	西安惠天网络科技有限公司	互联网	
152	CMIC	企业	
154	汇通网	企业	
156	南京新联电子股份有限公司	企业	
157	安徽国讯教育科技有限责任公司	互联网	
159	达芙妮	企业	
160	南京首屏信息技术有限公司	互联网	
162	楼盘网	互联网	
165	迪欧	企业	
166	盛大	互联网	
167	华图教育	企业	
168	南京国际人才智力网	互联网	
170	中茶网	互联网	
171	中大期货	金融	
172	海亮集团	企业	
173	东莞人才招聘网	企业	
174	21商评网	互联网	
175	完美世界	互联网	
176	中国医院协会药事管理专业委员会	医药	
179	维也纳酒店	企业	
180	中国产业园区网	企业	
181	河北搜才网	企业	
182	上学吧	互联网	
183	美丽说	互联网	
184	广州坚和网络科技有限公司	企业	
185	双良集团	企业	
186	万宇在线	媒体	
187	吉安交警网	政府	
188	东莞市造价局	政府	
189	全有家具	企业	
190	齐鲁石化信息港	央企	
191	中经互联（北京）信息技术有限公司	企业	
192	趣游网	互联网	
193	乐友孕婴童公司	企业	
194	旅程天下	旅游	
195	甘肃省新闻出版广电局	媒体	
196	北京银泰中心	名企	
197	中国铁通	央企	
198	济南社区	互联网	
199	房秀网	互联网	
201	中华室内设计网	企业	
203	中金论坛	互联网	
204	上海技聚网络科技有限公司	互联网	
205	学讯网	互联网	
206	贵阳星力集团	企业	
207	KC网络电话	互联网	
208	厦门市卫生局	政府	
209	中国驻京机构商务网	企业	
210	温州工商局	政府	
211	湖北人事考试网	政府	
212	手机中国	互联网	
213	克莱斯勒（中国）汽车销售有限公司	企业	
214	超越网	高校	
215	实践家教育集团	企业	
216	高塔创新设计网	互联网	
217	黄金投资网	金融	
218	浏阳电视台	媒体	
219	河南九博人才网	互联网	
220	精品学习网	互联网	
221	北京彩经网科技发展有限公司	企业	
222	道锐思	企业	
223	新华游戏	互联网	
224	中国大顺国际物流（北京）有限公司	企业	
225	www.371.net	运营商	
226	重庆市就业网	互联网	
227	苏州浩辰软件股份有限公司	企业	
228	编程论坛	互联网	
229	中国纪实文学研究会报告文学创作委员会	央企	
230	SiteStar	企业	
231	乐视	互联网	
232	速腾数据	互联网	
233	中国城市网	互联网	
234	中国电力企业联合会	央企	
236	天津古梵瑜伽	企业	
237	一德食品网	互联网	
238	汉江集团	名企	
239	重庆人才信息网	企业	
241	17173游戏	互联网	
242	安卓游戏论坛	互联网	
243	北京大学深圳研究生院	高校	
244	中央广播电视大学	高校	
246	考研论坛	互联网	
247	嘿袜网	互联网	
249	中国岩石力学与工程学会	企业	
250	中细软网络科技	互联网	
251	爱站网	互联网	
252	寻医问药	医药	
253	天津广电网络	媒体	
254	山东中医药高等专科学校	高校	
255	世界华人网	媒体	
256	店连店	互联网	
257	中华网	互联网	
258	中国计量学院	高校	
260	南昌工学院	高校	
261	中国质量网	政府	
263	晴雨美文网	互联网	
264	尚娱软件（深圳）有限公司	企业	
265	7k7k	互联网	
266	乳山民情网	政府	
267	北京爱书客科技有限公司	企业	
268	麦芽地苹果论坛	互联网	
269	北京师范大学珠海分校	高校	
270	安智网	互联网	
271	慧聪网	互联网	
272	文明小博客	互联网	
273	福州品品香文化传播有限公司	媒体	
274	vivo	企业	
275	迅载网	互联网	
276	开封人才网	企业	
277	成都大学	高校	
278	武汉大学	高校	
279	广西大学	高校	
280	中国电信运营安全服务中心	央企	
281	郑州华信学院	高校	
282	中国矿业权评估协会	企业	
284	中国计算机世界出版服务公司	企业	
285	浙江核新同花顺网络信息股份有限公司	金融	
286	珠海市魅族科技有限公司	企业	
288	泉州广播电视台	媒体	
289	安防网	企业	
290	滴滴打车	互联网	
291	世纪伟成	企业	
292	江苏省建设信息中心	政府	
293	山东职业学院	高校	
294	云南白药	医药	
295	连云港新闻网	互联网	
296	豌豆荚	互联网	
297	178游戏网	互联网	
298	盖网商城	电商	
299	决胜新教育集团	企业	
300	学科网	互联网	
301	许昌张氏乐器厂	企业	
302	德州张峰物流网	企业	
304	IDC产业联盟网	互联网	
305	万行人力资源服务有限公司	企业	
306	长沙安贞医院	医药	
307	第一军事网	互联网	
308	艾玛女人女性网	互联网	
309	中国统一教育网	互联网	
310	广西物流资讯网	互联网	
312	EMSHOST	互联网	
313	真维斯	电商	
314	启德教育	企业	
316	白求恩遗传医学中心	医药	
317	皇嘉贵金属网	金融	
318	深圳知识产权服务网	企业	
319	昆明华美美莱整形美容医院	企业	
320	李沧在线	政府	
321	车唯网	互联网	
322	开封人事人才网	政府	
323	森淼意大利语行业网	互联网	
324	千军万马网盘	互联网	
325	神东煤炭集团公司外网	能源	
326	广西师范大学	高校	
327	安徽合肥旅游学院	高校	
328	卓越winpe网	互联网	
329	国际人才网	互联网	
330	山东隆众信息技术有限公司	互联网	
331	北京全网数商科技股份有限公司	企业	
332	租呀呀网	互联网	
333	万州人才网	企业	
334	海南物价局	政府	
335	安徽汽车网	互联网	
336	太仓人才网	政府	
337	中国娱乐网	互联网	
338	人人网	互联网	
339	北大青鸟	企业	
340	智慧树	互联网	
341	浙江绿城医院	医药	
342	博科技术网	企业	
343	各界新闻网	媒体	
345	全晨快递	企业	
346	广州日报	央企	
347	深圳市三旺通信技术有限公司	企业	
348	上海天玑科技股份有限公司	互联网	
349	春秋航空	航天航空	
350	水资源与水电工程科学国家重点实验室	高校	
351	北京兰会时光科技有限公司	企业	
352	广汽集团	名企	
353	恒言中文网	互联网	
354	游久网	互联网	
356	www.9555168.com	互联网	
357	YOKA时尚网	互联网	
358	1号店	互联网	
359	21CN教育	互联网	
360	中大英才（北京）网络教育科技有限公司	企业	
361	上海研发公共服务平台	企业	
363	途客集	互联网	
364	上海卓越睿新数码科技有限公司	企业	
365	贺尔碧格东方齿轮（泰州）有限公司	企业	
366	祐生金号有限公司	企业	
367	广东省消费者委员会	政府	
368	为为网	互联网	
369	建筑英才网	互联网	
370	山东大学学生在线	高校	
371	滁州人才网	互联网	
372	龙岩人才网	互联网	
373	福建江夏学院	高校	
374	江苏苏宁易购电子商务有限公司	互联网	
375	易购网	互联网	
376	乐享阅读网	互联网	
377	猎聘网	互联网	
378	5068儿童网	互联网	
379	唐狮	企业	
380	深圳辉煌人才网	企业	
381	北京风行在线技术有限公司	互联网	
382	户外旅游	旅游	
383	驻马店汽车网	互联网	
384	药工作网	互联网	
385	朗阁培训中心	企业	
386	延边新闻网	媒体	
387	车王认证二手车超市网	企业	
388	福建中金在线网络股份有限公司	互联网	
389	鲱鱼宝宝早教官方网站	企业	
390	泊美	企业	
391	17素材网	互联网	
392	中华考试网	互联网	
393	华声在线	媒体	
394	人际网	互联网	
395	海南旅游	旅游	
396	福鼎人才网	互联网	
397	济南亿冠网络技术服务有限公司	企业	
398	普尼装饰展览	企业	
399	吉林银行	银行	
400	乐蜂网	互联网	
401	武汉票务网	电商	
402	金融投资网	金融	
403	药店网	互联网	
404	沙漠泉眼职业教育	高校	
405	鼎华科技	企业	
406	邮递查询	企业	
407	同济大学	高校	
408	德彩光电	企业	
409	v5shop	互联网	
410	慕课网	互联网	
411	硅谷动力	互联网	
412	36524家政网	互联网	
413	音悦台	互联网	
414	趋势网	互联网	
415	武汉海蜘蛛网络科技有限公司	企业	
416	北京秦芳文化发展有限公司	企业	
417	广东省物流协会	企业	
419	南京中医药大学	高校	
420	北京盛世泰伯网络技术有限公司	企业	
421	江西应用工程职业学院	高校	
422	桂林电子科技大学	高校	
423	沈阳工程学院	高校	
424	鲁东大学	高校	
428	天津职业大学	高校	
431	南京审计学院	高校	
432	大麦网	互联网	
433	百大英才网	互联网	
434	易宝通	金融	
435	湖北省人才网	政府	
436	民航社区	航天航空	
437	朝阳市文化广电新闻出版局	政府	
438	华进联合专利商标	企业	
439	新疆共青团	政府	
440	河源市政府	政府	
441	甘肃文县人民政府	政府	
442	张掖市政府	政府	
444	国家海洋局	政府	
445	南阳农业信息网	政府	
446	万年县政府	政府	
447	安徽省农科院	政府	
448	丹阳房管处	政府	
449	苏州市教育局	政府	
450	安徽宿州学院	高校	
451	长春市人民政府	政府	
452	科技人才网	政府	
453	武汉市公安局	政府	
455	广东省广宁县	政府	
456	扶风县人民政府	政府	
457	南通职业大学	高校	
458	汕头市中心医院	医药	
459	安阳县人事人才网	政府	
460	柳州市房产交易管理网	政府	
461	鲁班大学	企业	
462	福州市教育局	政府	
463	安丘市公安局	政府	
464	郑州工商局	政府	
466	安徽财经大学商学院	高校	
468	太仓房产网	互联网	
469	青海人民政府	政府	
470	东平人民政府	政府	
471	河北老年网	政府	
472	福建永春政府网	政府	
473	鹤峰人民政府	政府	
475	重庆市政府	政府	
476	三都水族自治县人力资源和社会保障局	政府	
477	山西省安监局	政府	
478	福建教育学院	高校	
479	全民竞赛网	互联网	
480	乐游网	互联网	
481	西北人才网	互联网	
482	穷游网	互联网	
483	齐齐哈尔市物价监督管理局	政府	
484	陕西眉县	政府	
485	广州俊星北大青鸟	企业	
486	庆阳卫生局	政府	
487	北京大学汇丰商学院	高校	
488	威海市政府采购管理办公室	政府	
490	4948小游戏网	互联网	
491	湖南省人民政府	政府	
492	山东工商学院韶华网	高校	
493	淮南市经济和信息化委员会	政府	
494	安徽省人民政府法制办公室	政府	
495	昭视网	媒体	
496	泊头市人民政府信息中心	政府	
497	六安共青团	政府	
500	长春理工大学	高校	
501	中共宣城市委宣传部	政府	
502	青岛农业大学	高校	
503	太原小店区人民政府	政府	
504	上海长江医院	企业	
505	中山市黄圃镇人民政府	政府	
506	萍乡市房产管理局	政府	
507	陕西省宝鸡市公务员邮箱系统	政府	
508	浙江省科技统计网	政府	
509	北京师范大学	高校	
510	秦皇岛煤炭网	互联网	
511	易分销	企业	
512	淄博公安交警网	政府	
513	陇南市人口和计划生育委员会	政府	
514	北京天创时代信息技术有限公司	互联网	
515	仪陇县网络興情管理中心	政府	
516	青岛市实验幼儿园	高校	
518	南通天圣电子商务有限公司	电商	
519	易彩通	企业	
520	广东省教师继续教育指导中心	政府	
521	蜗牛游戏	互联网	
522	宁波市鄞州区人力资源和社会保障局	政府	
523	无忧运力	企业	
524	宝宝树	互联网	
525	开元酒店集团	企业	
526	河南教育网	政府	
527	百价网	互联网	
528	www.sci99.com	媒体	
529	海南生物工程协会	医药	
530	波克城市	企业	
531	中国地质大学	高校	
532	中吴网	媒体	
533	华体网	互联网	
534	吉林大学	高校	
535	美素佳儿奶粉	企业	
536	江苏大丰农村商业银行	银行	
537	新疆生产建设兵团农五师	企业	
538	十堰市人力资源和社会保障局	政府	
539	中国检察网	政府	
540	潇湘书院	互联网	
541	创都启航企业	互联网	
542	深圳大学	高校	
543	安徽商网	互联网	
544	中青网新媒体科技（北京）有限公司	互联网	
545	北京尼康眼镜有限公司	企业	
546	中国城市规划学会	政府	
547	三九养生堂	医药	
548	昆明学院	高校	
549	双峰县网上公安局	政府	
550	清贷网	互联网	
551	上海农林职业技术学院	高校	
553	中国河南浚县政府	政府	
554	橙网	互联网	
556	成都华夏国际旅行社有限公司	旅游	
557	太平洋保险	金融	
558	新邦物流	企业	
559	珠海新闻网	互联网	
560	北斗小辣椒	企业	
561	聚美优品商城	互联网	
562	中企动力科技股份有限公司	互联网	
563	育碟软件	互联网	
564	中国教育在线	互联网	
566	1905电影网	互联网	
567	厦门外国语学校	高校	
568	永达安全服务运营系统	互联网	
569	北京东审会计事务所	企业	
570	胶东在线	互联网	
571	上海复美益星大药房	企业	
572	生乐高校传媒	互联网	
573	腾邦集团	企业	
574	程氏cms	互联网	
575	上海释锐教育软件有限公司	互联网	
576	易班网	互联网	
577	安大互联	互联网	
578	河北北方学院	高校	
579	河北轨道运输职业技术学院	高校	
580	中国电力人才网	互联网	
581	南阳市招生考试信息网	政府	
582	新津县人民政府	政府	
583	上海文明创建网	政府	
584	TinyRise	互联网	
585	一起飞	旅游	
586	新锐杂志	互联网	
587	深圳市斯诺实业发展有限公司	企业	
588	沪江网	互联网	
589	上海静安规土网	政府	
590	太平洋汽车网	互联网	
591	郑州市景安计算机网络技术有限公司	互联网	
592	大禹系统	互联网	
594	114财富	互联网	
595	福海县委组织部	政府	
596	沈阳恒昊互联网络有限公司	互联网	
597	厦门中开信息技术有限公司	企业	
598	中国企业网	企业	
599	广东省工商行政管理局	政府	
600	爱游戏	互联网	
601	山东省人民政府新闻办公室	政府	
602	宁波市节能办	政府	
603	湖北省教师研修网	互联网	
604	李惠利中学	高校	
605	国务院发展研究中心信息网	政府	
606	软件项目交易网	互联网	
607	福州外语外贸学学院	高校	
608	重庆时报社	媒体	
609	中国语言文字研究所	企业	
611	辽宁卫视	媒体	
612	青芒果官网	互联网	
613	中国兽医网	医药	
614	地方金融	互联网	
615	广州科技贸易职业学院	高校	
616	国之汽车	互联网	
617	小德兰爱心书屋	互联网	
618	加运美速递	企业	
619	成都红韵网络科技	互联网	
620	浙江经济职业学院	高校	
621	知音传媒集团	互联网	
622	普元信息技术股份有限公司	互联网	
623	武汉久玖在线传媒有限公司	媒体	
624	易乐游	互联网	
625	恒信易贷	互联网	
626	山东省交通运输集团有限公司	央企	
627	世纪星连锁酒店	酒店	
628	重庆什木坊门业有限公司	企业	
629	国家电网公司	名企	
630	正大集团	企业	
632	99健康网	互联网	
635	百态传媒网络科技有限公司	互联网	
636	上海誉文网络科技有限公司	互联网	
637	湖南省基础地理信息中心	政府	
638	长春农业委员会	政府	
640	云南省人民政府	政府	
641	瑞丽网	媒体	
642	东营职业学院	高校	
643	VOGUE	媒体	
644	北京天瑞辰星航空科技有限公司	企业	
645	金山软件集团	互联网	
646	金蝶软件	互联网	
647	中国搜标网	电商	
648	武汉工程大学	高校	
649	北京凯撒国际旅行社有限责任公司	旅游	
650	上海飞机制造有限公司	航天航空	
651	广州市俊才网络有限公司	互联网	
653	阳光旅行网	互联网	
654	中国建设教育网	政府	
655	南昌大学家园网	高校	
656	中国土地流转信息中心	政府	
657	徐州市公安局	政府	
659	爱旅行	互联网	
660	义乌人才网	互联网	
661	广州市萝岗区气象局	政府	
662	者尼文化传媒	企业	
663	电子科技大学	高校	
664	鹏达计算机系统	企业	
666	卓大师	互联网	
667	云南省数字证书认证中心	互联网	
668	南京兼职地带	企业	
669	深圳赛飞软件有限公司	企业	
670	绿盟科技	互联网	
671	复旦大学	高校	
673	南京财经大学	高校	
675	中国研究生网	互联网	
676	广东海洋大学	高校	
677	邢台机动车驾驶人信息服务网	政府	
678	广东松山职业技术学院	高校	
679	芜湖市建设工程质量监督站	政府	
680	东营银行	银行	
681	广西人力资源网	互联网	
683	河南农业大学	高校	
685	51cto	互联网	
686	中国电科信息网	互联网	
687	重庆联合产权交易所集团	企业	
688	布里斯班中文官方网站	互联网	
689	南昌市人力资源和社会保障局人才交流服务中心	政府	
690	龙城人才网	政府	
691	西安壁虎网络科技有限公司	互联网	
692	辽宁理工学院	高校	
693	浙江中小企业服务中心	企业	
694	大陆赛马网	企业	
695	浙江师范大学	高校	
696	卓博	互联网	
697	宜阳政府网	政府	
698	华测	上市公司	
699	中国船舶工业股份有限公司	企业	
700	中国广告传媒业第一门户	互联网	
701	江苏金鸽网络科技有限公司	互联网	
702	江苏省住房和城乡建设厅	政府	
703	永安保险	保险	
704	海南大学图书馆官网	高校	
705	东营市数字图书馆	政府	
706	青岛科技大学	高校	
707	烟台大学	高校	
708	兰州大学档案馆	高校	
709	中国联通广西分公司	运营商	
710	山东省食品药品监督管理局	政府	
712	瑞通典当行	金融	
713	读览天下	互联网	
714	中国国际海运网	电商	
716	胖比特	互联网	
717	友宝在线	企业	
718	陕西汽车集团	互联网	
719	21世纪不动产太原公司	互联网	
720	驾驶员理论快速学习平台	互联网	
721	陕西美力源乳业有限公司	互联网	
722	河北政法职业学院	高校	
724	多多返利	互联网	
725	湖北理工学院	高校	
726	重庆刘一手火锅	企业	
727	宁波网传媒有限公司	企业	
728	成都诚信人力资源管理顾问有限公司	企业	
729	姜堰人才交流网服务中心	企业	
730	海词网	互联网	
731	中国旅行社总社有限公司	企业	
732	开源中国	互联网	
734	新百伦	企业	
735	广州恩湛企业管理咨询有限公司	企业	
736	华南理工大学	高校	
737	济南大学	高校	
738	广西教育学院	高校	
739	通辽信息港	互联网	
740	中国货运航空	企业	
741	超级投顾网	互联网	
742	湖南快乐先锋传媒有限公司	互联网	
743	贵州省思南县人民政府	政府	
744	山东博兴教育局	企业	
747	北京市通州区行政服务中心	政府	
748	机锋网	互联网	
749	江南布衣服饰有限公司	企业	
750	木木健康	互联网	
751	百程旅行网	互联网	
752	激动网	互联网	
753	CCTV中学生频道	媒体	
754	大河网	互联网	
755	南京中科集团股份有限公司	互联网	
756	厦门云游	互联网	
757	上海艾瑞市场咨询有限公司	企业	
758	深圳中青宝互动网络股份有限公司	互联网	
760	广州市生通生物科技有限公司	互联网	
761	同仁堂	企业	
762	四川农业大学	高校	
763	上海银行	金融	
764	大连发现王国	互联网	
765	北京百川天下网络科技有限公司	互联网	
766	海门市人民政府	媒体	
767	小马过河	互联网	
768	上海陆上货运交易中心有限公司	企业	
769	清华大学	高校	
771	平顶山教育学院	高校	
772	宇龙计算机通信科技（深圳）有限公司	互联网	
773	安徽省中小企业服务中心	企业	
774	中国旅游网	企业	
775	返佣中国	互联网	
776	常州化龙文化传媒有限公司	互联网	
777	110法律咨询网	互联网	
778	中国消费网	互联网	
780	苏州中卫企业管理咨询有限公司	互联网	
781	中国特种装备网	互联网	
782	中青旅遨游网	互联网	
783	申通快递有限公司	互联网	
786	常州招聘网	互联网	
787	建站之星	互联网	
788	山东女子学院	高校	
789	如斯网(asthis.net)	互联网	
790	四九游	互联网	
791	速8酒店	互联网	
792	上海科学院	高校	
793	山东艺术学院	高校	
794	苏州车网	互联网	
795	章丘市交通运输局	政府	
796	内江人才市场	企业	
797	易亿股份	互联网	
798	明月海藻集团	互联网	
799	内蒙古呼和浩特赛罕区政府	政府	
800	中国科学院等离子体物理研究所	高校	
802	经理人网	互联网	
804	南昌大学	高校	
805	张家界电视台	媒体	
806	533出国留学网	互联网	
807	大同市监察局	政府	
808	金华智联信息科技有限公司	互联网	
809	文山新闻网	媒体	
810	广东南方数码科技有限公司	互联网	
811	武进横山桥镇社区教育中心	互联网	
812	潍坊电视台	媒体	
813	湘潭大学党建评估网	高校	
814	财源宝	互联网	
815	北京百分点信息科技有限公司	互联网	
816	广东广电网络金视网站	互联网	
818	樱花国际日语	互联网	
819	武汉蔡甸区政府	政府	
820	全球ic采购网	互联网	
821	新疆维吾尔自治区人力资源和社会保障信息中心	政府	
822	北京紫光在线教育科技有限公司	企业	
823	17k小说网	互联网	
824	石家庄大众驾校	企业	
825	宁波票务通	互联网	
826	阜阳公众网	企业	
827	邢台农业信息网	互联网	
828	河南机电高等专科学校	高校	
829	美的集团	互联网	
830	中国时尚品牌网	互联网	
831	北京九九乐游科技有限公司	互联网	
832	南阳理工学院	高校	
833	湖北孝感一中	高校	
835	厦门市思明区薇薇新娘婚纱影楼	互联网	
836	LBE安全大师	互联网	
837	蜗牛游戏有限公司	互联网	
839	北京可可网络科技有限公司	互联网	
840	佛山珠江传媒信息有限公司	互联网	
841	新疆网	企业	
842	鞍山卫生信息网	企业	
843	番禺区幼儿教育	高校	
844	中企网	互联网	
845	日照市公安局	政府	
846	凯尔幼教联盟	企业	
847	北京云学时代科技有限公司	互联网	
849	东营市发展和改革委员会	企业	
850	游戏智聘网	互联网	
851	陕西公众软件有限责任公司	互联网	
852	武冈市人民政府	政府	
853	山东舜德创信软件有限公司	互联网	
854	安徽省萧县审计局	政府	
855	铜陵市公安局交警支队	政府	
856	蓝翔技校	企业	
857	杭州金茂旅游资源开发有限公司	企业	
858	北京蓝汛通信技术有限责任公司	互联网	
859	固镇县人民政府	政府	
860	新疆汇和银行	银行	
861	常州市互联网新闻中心	互联网	
862	昆山市高级人才网	互联网	
863	河北工业大学	高校	
864	艾百思科技	互联网	
865	北京工商大学	高校	
866	中国保税区出口加工区协会	企业	
867	湖南省土地综合整治局	政府	
868	科学出版社	企业	
870	搜狗	互联网	
871	西南大学档案	高校	
872	中国有机农业门户	互联网	
873	973游戏网	互联网	
874	深圳市科迈通讯技术有限公司	企业	
875	大连新闻网	互联网	
876	聚光科技	企业	
877	沈阳水务集团	企业	
878	安徽医科大学	高校	
879	遵义日报社	媒体	
880	安徽农业网	互联网	
881	河北伟创网络技术有限公司	互联网	
882	中央电化教育馆	企业	
883	民泰贵金属官网	互联网	
884	北京市卫生会计核算服务中心	企业	
885	中国企友网	互联网	
886	中国通信标准化协会	企业	
887	虎扑体育网	互联网	
888	西可通信技术设备有限公司	企业	
889	河北电视台	媒体	
890	诸暨科技网	企业	
891	南山集团	企业	
892	科立讯通信股份有限公司	企业	
893	北京锦程希望网络技术有限公司	互联网	
894	中国政法大学	高校	
895	无为县人民政府政务服务中心	政府	
896	宅集汇	互联网	
897	阿里巴巴	互联网	
899	ShopNum1	互联网	
900	南京远古软件有限公司	互联网	
901	湖北火凤电视体育文化传播有限公司	媒体	
902	激动网	互联网	
903	南开大学	高校	
904	优网科技	互联网	
905	安全狗	互联网	
906	西北农业科技大学	高校	
907	猪八戒网	互联网	
909	许昌学院	高校	
910	多芒网	互联网	
911	深圳市云端传奇信息技术有限公司武汉分公司	互联网	
912	山西省卫生厅	政府	
913	篱笆网	互联网	
914	山西省朔州市应县	政府	
915	上海中兴通讯	互联网	
916	济源职业技术学院	高校	
917	车讯网	互联网	
918	榆林市人力资源和社会保障网	政府	
919	湖南省农业厅	政府	
920	55音乐网	互联网	
921	德阳市政务网	政府	
922	襄阳教育网	企业	
923	片刻网	互联网	
924	济南携程广告传媒有限公司	互联网	
925	k76漫画盒子	互联网	
926	包头市东河区政府	政府	
927	北京经济技术职业学院	高校	
928	安安直销网	企业	
929	昆山昱腾劳务派遣公司	企业	
930	宜兴市人民检察院	政府	
931	宝鸡市陈仓区公共就业和人才服务网	企业	
932	扬州市政府	政府	
933	畅途网	互联网	
934	汇法网	互联网	
935	光宇游戏	互联网	
937	一起走（北京）健康科技有限公司	企业	
938	深圳市华脉资讯有限公司	企业	
939	赣南医学院	高校	
940	柳州工贸大厦股份有限公司	企业	
941	揭阳市房管局	政府	
942	潍坊民政	政府	
943	芜湖市第四人民医院	医药	
944	西安市碑林区教育局	政府	
945	江苏大学	高校	
946	河南教育学院	高校	
947	嘉兴亿禾工场	企业	
948	爱美网	互联网	
949	留学E网	企业	
950	宁波中旅集团	旅游	
951	福州大学至诚学院	高校	
952	爱吧网	互联网	
953	东岳集团有限公司	上市公司	
954	中建三局第一建设工程有限公司	企业	
955	美嘉欢乐影城	企业	
956	楼下100	互联网	
957	上海大学附中	高校	
958	大连航运在线信息技术有限公司	企业	
959	房王网	互联网	
960	哈尔滨工程大学	高校	
961	Win7en乐园网络资讯	互联网	
962	厦门万商盛世网络有限公司	企业	
963	泸州市公安局	政府	
964	速普商城	电商	
965	华中科技大学	高校	
966	郑州航空港经济综合实验区（郑州新郑综合保税区）管理委员会	政府	
967	智慧车城	互联网	
968	武汉农村商业银行	银行	
969	中国数学建模网	互联网	
970	宝钢集团有限公司	上市公司	
971	河北省政府	政府	
972	首都师范大学	高校	
973	广州第一人民医院	医药	
974	一听音乐网	互联网	
975	漫客网	互联网	
976	中关村图书大厦	企业	
977	内蒙古科技大学	高校	
978	安顺市人民政府门户网	政府	
979	中国施工企业管理协会专家库	企业	
980	东营职业学院招生信息网	高校	
981	聊城一中	高校	
982	重庆市江津区行政服务中心	政府	
983	河北国大连锁商业有限公司	企业	
984	北京中企互动管理咨询有限公司	企业	
987	北京普艾斯科技有限公司	企业	
989	中国房地产估价师学会	企业	
990	《语文报》社有限责任公司	企业	
991	北京广典科技管理有限公司	企业	
992	淄博职业学院	高校	
993	池州博众网络科技有限公司	互联网	
994	长治市城区教育局	政府	
995	资阳人才市场	企业	
996	高密市国土资源局	政府	
997	北京长松深蓝科技有限公司	企业	
998	东山县林业局	政府	
999	琼海信息网	互联网	
1000	美食城	企业	
1001	全国文化信息共享工程 苏州市相城区支中心	政府	
1002	芜湖市物价局	政府	
1003	厦门象屿电子商务有限责任公司	电商	
1004	七七影院	企业	
1005	上海和付信息技术有限公司	互联网	
1006	辽宁医学院	高校	
1007	北京文艺网	互联网	
1008	12308全国汽车票网	互联网	
1009	鞍山法学网	政府	
1011	襄阳市人力资源和社会保障局	政府	
1012	浙江教育	企业	
1013	东华理工大学长江学院	高校	
1014	优速物流	企业	
1015	神州数码	企业	
1016	温州市行政审批服务网	政府	
1018	湘潭大学	高校	
1019	哈尔滨师范大学	高校	
1020	陕西省印台区政府	政府	
1021	北京共创时网络管理技术有限公司	互联网	
1022	江西赣鄱人力资源市场发展有限公司	企业	
1023	广州青年志愿者网	企业	
1024	美800保健品商城	互联网	
1025	日照市林业局	政府	
1026	大学外卖官网	互联网	
1028	同程旅游	互联网	
1029	广东文化网	互联网	
1031	世纪中税	企业	
1032	四川华西都市网络科技有限公司	互联网	
1033	奉化就业网	互联网	
1034	中国电力科技网	企业	
1035	深圳市福到家搬迁有限公司	企业	
1036	江西美术出版社	企业	
1037	同城商务网	互联网	
1038	西南民族大学	高校	
1039	医元网	互联网	
1040	迪信通	企业	
1041	南京旅游网	互联网	
1042	中国天气网	企业	
1043	石台县机构编织网	政府	
1044	微课网	互联网	
1045	青海红十字医院	医药	
1046	联昊通速递	企业	
1047	教育部直属机关干部网络学院	高校	
1048	青海大学	高校	
1049	兰州城市学院	高校	
1050	安徽省渠道网络技术开发有限公司	互联网	
1051	宁德师范学院	高校	
1052	中国商标专网	企业	
1053	台湾豪强集团	企业	
1054	中国民用航空局信息中心	政府	
1055	沈阳理工大学	高校	
1056	珠海市斗门区人才交流服务中心	企业	
1057	镇江市京口区人事劳动和社会保障局	政府	
1058	运通中港速运	企业	
1059	上海颢石网络信息科技有限公司	互联网	
1060	浙江中成建工集团有限公司	企业	
1061	舒城县科技局	政府	
1062	中国模特网	互联网	
1063	杭州滨江人才网	互联网	
1064	中国能建安徽院	央企	
1065	西安市未央区人民代表大会常务委员会	政府	
1066	深圳市信一网络	互联网	
1067	郴州职业技术学院	高校	
1068	八月照相馆	企业	
1069	中国电影集团公司	政府	
1070	三五互联	互联网	
1071	1米购物	互联网	
1072	大中华国际集团(中国)有限公司	企业	
1073	中国五环工程有限公司	企业	
1074	玉溪师范学院	高校	
1075	地平线CMS	互联网	
1076	广州图创计算机软件开发有限公司	企业	
1078	淘最美电子商务有限公司	企业	
1079	链家地产	企业	
1080	河北科技师范学院	高校	
1081	铜川市耀州区政府办	政府	
1083	任奥网络科技有限公司	互联网	
1084	山东大学第二医院	医药	
1085	黑河市政府	政府	
1086	山东省烟台市经济技术开发区	政府	
1087	广州雷米高宠物美容师培训学校	高校	
1088	加加米	互联网	
1089	开心保	互联网	
1090	手机大师	互联网	
1091	北京中粉网信息技术咨询有限公司	互联网	
1092	易点CMS	互联网	
1093	营口网上党校	政府	
1094	题博士官网	互联网	
1095	搜课网	互联网	
1096	考试吧	互联网	
1097	青岛基督教网站	企业	
1099	江西制造职业技术学院	高校	
1100	格力	企业	
1101	深圳市美讯在线网络技术有限公司	互联网	
1102	知钱俱乐部	企业	
1103	武汉理工大学	高校	
1104	北京乐彩网科技有限公司	企业	
1105	点对点教育考研官网	互联网	
1106	安徽省体育局	政府	
1107	盘龙云海	医药	
1108	北京师范大学南湖附属学校	高校	
1109	中国钢铁现货网	互联网	
1110	中国客车网	互联网	
1111	中域电讯连锁集团股份有限公司	企业	
1112	河南省中医管理局	政府	
1113	厦门理工学院	高校	
1114	优雅100家居网	互联网	
1115	湖南工业职业技术学院	高校	
1116	中国特种设备公示信息查询网	政府	
1117	中国设计英才网	互联网	
1118	中原集团	企业	
1119	江西省电教馆	政府	
1120	北大青鸟重庆江田校区	企业	
1121	钱眼网	电商	
1122	雅昌艺术网	互联网	
1124	环球金属网	互联网	
1125	华正商旅网	互联网	
1126	廊坊市政府	政府	
1127	珠海怡景湾大酒店	企业	
1128	医学百科网	互联网	
1129	北京第二外国语大学	高校	
1130	中国安全教育网	企业	
1131	职业经理研究中心	企业	
1132	华天电力检测技术	企业	
1133	中国电力新闻网	媒体	
1134	重庆市工业学校	高校	
1135	珠海方诺信息科技有限公司	企业	
1136	保定政府	政府	
1137	7060手机电影	互联网	
1138	爱藏网	企业	
1139	华侨大学	高校	
1140	东风标致	企业	
1141	黑龙江农业经济职业学院	高校	
1142	成都指南针职业技术学校	高校	
1143	北京张家湾生活网	企业	
1144	梦想人软件科技	企业	
1145	中小学教育网	互联网	
1146	天道教育	互联网	
1147	北京印信通电子印章安全认证中心	企业	
1148	福建省尤溪县人民政府	政府	
1149	陕西省华县人民政府	政府	
1150	光明乳业	企业	
1151	江西法院网	政府	
1152	杭州商易信息技术有限公司	企业	
1153	中国扫黄打非网	政府	
1154	深圳市九曲网科技有限公司	互联网	
1155	上海快捷快递	企业	
1156	caac.gov.cn	政府	
1157	派桑网络	企业	
1158	e缘网站	互联网	
1159	AAE全球专递 | 中国	企业	
1160	河南省交通运输厅	政府	
1161	张家界市人民政府	政府	
1162	北京联合大学	高校	
1163	北京微普科创科技有限公司	互联网	
1164	公安部四川消防研究所	政府	
1165	北京尚网汇智科技有限公司	企业	
1166	太傻网	互联网	
1167	山东捷瑞数字科技股份有限公司	企业	
1168	山西省关心下一代工作委员会	政府	
1169	温州公共信息网	互联网	
1170	药房网	医药	
1171	屹坤投资	金融	
1172	深圳市鹏科盈网络科技有限公司	互联网	
1173	中国献血网	企业	
1174	中国软件与技术公司	上市公司	
1176	中国沈阳人才网	互联网	
1177	汕头市特丝多丽化妆品有限公司	企业	
1178	ASP编程网	政府	
1179	厦门港口管理局	政府	
1180	E动网	互联网	
1182	常春藤教育（中国）官网	企业	
1183	宁波二中	高校	
1184	小聪软件	企业	
1185	陕西省环保厅	政府	
1186	中顾法律网	企业	
1187	延安市人民政府	政府	
1188	深圳旅游公司	旅游	
1189	吃喝玩乐网	电商	
1190	化州市政府	政府	
1191	8090丽人汇	互联网	
1192	深圳市斯凯荣科技有限公司	企业	
1193	康佳	企业	
1194	渭南市林业局	政府	
1195	商洛市林业局	政府	
1196	中国工程机械商贸网	电商	
1197	爱动培训机构	企业	
1198	上海市回民中学	高校	
1199	永久票务	互联网	
1201	奇度影院	企业	
1202	全国民办高校学生信息公共查询平台	企业	
1203	南陵县政府招商网	政府	
1205	深圳京润珍珠销售有限公司	企业	
1206	福建医科大学	高校	
1207	西南大学招就处	高校	
1208	琼州学院	高校	
1209	长江商学院	高校	
1210	重庆人力资源和社会保障网	政府	
1211	哥俩好集团官方网站	企业	
1212	中学语文资源网	互联网	
1213	宜昌市三峡旅游景区年卡管理办公室	政府	
1214	海门政府	政府	
1215	百度	互联网	
1216	西安市卫生局	政府	
1217	CCTV证券资讯	金融	
1218	站酷网	互联网	
1219	芊芊影院	企业	
1220	深圳小辣椒科技有限责任公司	企业	
1221	商品街(原伍折网）	电商	
1222	褚暨教育网	互联网	
1223	尚友(ShareWithU)	企业	
1224	鹿城区电子政务中心	政府	
1227	ThinkSNS	互联网	
1228	一品威客	电商	
1230	长三角人力资源网	互联网	
1231	汇华就业网	互联网	
1232	开服网	互联网	
1233	宁波市自来水有限公司	政府	
1234	西安市文化广电新闻出版局	政府	
1235	长沙出租车网	互联网	
1236	英才网联	互联网	
1237	世纪闻康	互联网	
1238	华为技术有限公司	企业	
1239	安阳市政府网	政府	
1240	上方网	互联网	
1241	杨凌本香农业产业集团	企业	
1242	上海中医药大学	高校	
1243	志高集团	企业	
1244	七台河政府	政府	
1245	方维团购	互联网	
1246	长沙银行	银行	
1247	厦门路桥集团	企业	
1248	民用航空器维修人员执照考试中心	企业	
1249	华然装饰	企业	
1250	百脑汇	电商	
1251	咸阳市卫生学校	高校	
1252	上品折扣网	电商	
1253	宝鸡交警网	政府	
1254	龙凤商城官网	电商	
1255	广东智通人才连锁股份有限公司	企业	
1256	广州医药有限公司	医药	
1257	辽宁省安全科学研究院	高校	
1258	西安广播电视大学	高校	
1259	东联旅游网	旅游	
1260	中国长安汽车	企业	
1261	阆中生活网	互联网	
1262	芜湖魔方网络信息服务有限公司	互联网	
1263	中原汽车网	互联网	
1264	新三国	互联网	
1265	厦门盛星工贸有限公司	企业	
1266	东联旅集团	企业	
1267	广东广播电视台	媒体	
1268	中骏置业控股有限公司	企业	
1269	捷通电讯	企业	
1271	谷秋精品资源共享课软件	互联网	
1272	宜搜科技	互联网	
1273	恒大集团	名企	
1274	51766旅游网	旅游	
1275	卧龙区人民政府	政府	
1276	山西天镇人民政府网	政府	
1277	白酒招商网	电商	
1278	石家庄职业技术学院	高校	
1279	葫芦岛人才网	互联网	
1280	郑州公务员局	政府	
1281	远景设计	企业	
1282	兄弟玩	互联网	
1283	百达医学网	医药	
1284	杭州市规划局	政府	
1285	方正科技集团	名企	
1286	盈融达投资（北京）有限公司	企业	
1287	书海小说	互联网	
1288	铁岭师范高等专科学校	互联网	
1289	40407网页游戏	互联网	
1290	65游戏	互联网	
1291	安徽省青少年发展基金会	金融	
1292	郑州科技学院信息工程学院	高校	
1293	木蚂蚁应用市场	互联网	
1294	威锋网	互联网	
1295	福建师范大学	高校	
1296	卫辉市地矿局	政府	
1297	北京蔚蓝前程国际教育科技有限公司	企业	
1298	酷六	互联网	
1299	杭州贝利电子商务有限公司	互联网	
1300	衢州市粮食收储有限责任公司	企业	
1301	德邦物流股份有限公司	企业	
1302	郑州职业技术学院	高校	
1303	POCO相机	互联网	
1304	2345网址导航	互联网	
1305	网易	互联网	
1306	湖州水利网	政府	
1308	斑马网	互联网	
1309	对面	互联网	
1310	南京车管所	政府	
1311	泸州老窖集团有限公司	名企	
1312	微拍	互联网	
1313	绵阳机场集团	航天航空	
1314	杭州赛点科技有限公司	政府	
1315	广东省建设工程质量安全监督检测总站	政府	
1316	儿童模特网	企业	
1317	京信通信	上市公司	
1318	DNSPod	互联网	
1320	黄海在线	互联网	
1321	如东市科技局	政府	
1322	太仓市统计局	政府	
1323	北京掌中浩阅科技有限公司	互联网	
1324	广州增城旅游网	旅游	
1325	PHPEMS	互联网	
1326	麦当劳	名企	
1327	维普资讯网	互联网	
1328	百思不得姐	互联网	
1329	深圳市移付宝科技有限责任公司	金融	
1330	亿人互联	互联网	
1331	北京优贝在线网络科技有限公司	互联网	
1332	上海智展网络技术有限公司	互联网	
1333	内蒙古农业大学职业技术学院	高校	
1334	暴风影音	互联网	
1335	发财网	互联网	
1336	国泰君安	金融	
1337	传漾科技	互联网	
1338	21世纪网	媒体	
1339	磨房网	互联网	
1340	金利达药品交易网	互联网	
1341	大连天健网	互联网	
1342	广东考试服务网	高校	
1343	猫扑	互联网	
1344	北京君正	企业	
1345	哈药集团三精制药有限公司	企业	
1346	明光市人力资源和社会保障局	政府	
1347	杭州广播电视大学	高校	
1348	丽水学院	高校	
1350	校导网	企业	
1351	大地数字影院	互联网	
1352	广州市番禺区政府	政府	
1353	内蒙古大学	高校	
1354	江苏城市网	互联网	
1355	陕西伊势威集团	企业	
1356	西北农林科技大学	高校	
1357	阳泉新闻网	互联网	
1358	海南出版社	媒体	
1359	掌上通航空服务(北京)有限公司	航天航空	
1362	阿拉丁照明网	企业	
1364	微盟	互联网	
1365	北京华联超市	企业	
1366	万向集团	企业	
1367	蘑菇街	互联网	
1368	资生堂中国	企业	
1369	开封技师学院	高校	
1370	昵图网	互联网	
1371	游侠网	互联网	
1372	上海众生网络科技有限公司	企业	
1373	北京手游达趣科技有限公司	企业	
1374	特航航空	航天航空	
1376	上海富媒数字出版技术有限公司	媒体	
1377	商务中国	企业	
1378	三国杀	互联网	
1379	黑龙江省鑫正投资担保集团有限公司	企业	
1380	广州双马展示设计有限公司	企业	
1381	天津财经大学	高校	
1382	上海勤和	互联网	
1383	天格科技（杭州）有限公司	企业	
1384	香港光谷集团	企业	
1385	美空网	互联网	
1386	北京漂网科技发展有限公司	企业	
1387	诺亚舟	企业	
1388	广联达软件股份有限公司	企业	
1389	曙光信息产业股份有限公司	企业	
1390	电玩巴士	互联网	
1391	百合网	企业	
1392	5399游戏平台	互联网	
1393	捞月狗	互联网	
1394	暴走漫画	互联网	
1395	77313游戏网	互联网	
1396	中国行业研究网	互联网	
1397	碧海银沙	互联网	
1398	战略网	互联网	
1399	慈溪中兴网络信息传媒有限公司	企业	
1400	武汉中媒文化传媒有限公司	企业	
1401	麻花网	互联网	
1402	苹果园	互联网	
1403	一起作业网	互联网	
1404	站长之家	互联网	
1405	酷派	互联网	
1406	爱卡汽车	互联网	
1407	暖通招聘网	互联网	
1408	重庆网络广播电视台	互联网	
1409	大同凤凰妇产医院	医药	
1410	哈尔滨理工大学	高校	
1411	海信集团	企业	
1412	起凡游戏	互联网	
1413	美食天下	互联网	
1414	长春工业大学	高校	
1415	福州公交集团	企业	
1416	马鞍山ok网	互联网	
1417	罗莱家私	企业	
1418	浙江广播电视大学	高校	
1420	北京安宁创新网络科技有限公司	企业	
1421	车速递	企业	
1422	红娘网	互联网	
1423	山东有才网	互联网	
1424	长沙人才网	互联网	
1425	富达塑业	企业	
1426	衡水中学	高校	
1428	IDP教育集团	高校	
1429	人人贷商务顾问(北京)有限公司	金融	
1430	摇篮网	互联网	
1431	北京兴赛客网络科技有限公司	企业	
1432	途牛旅游网	互联网	
1433	珠海飞企软件有限公司	企业	
1434	东方财富网	互联网	
1435	18183	企业	
1436	红薯小说网	互联网	
1437	体坛网	互联网	
1438	广州要玩娱乐网络技术有限公司	企业	
1439	绵阳人事考试网	互联网	
1440	山东影视传媒集团	企业	
1441	第一招聘网	企业	
1442	湖南中医药大学	高校	
1443	悠视网	互联网	
1444	中劳网	互联网	
1445	南方周末	企业	
1446	A8音乐网	互联网	
1448	快乐学堂	企业	
1449	DJ耶耶网	互联网	
1450	杂志铺	企业	
1451	浙江通创智慧物流服务有限公司	企业	
1453	一财网	互联网	
1454	中华演出网	互联网	
1455	郴州网址大全	互联网	
1456	直播吧	互联网	
1457	凤鸣轩小说网	互联网	
1459	广东翁源县政府	政府	
1460	众筹网	互联网	
1461	欣欣旅游网	旅游	
1462	拉卡拉	金融	
1463	中国企业家网	互联网	
1464	福布斯中文网	互联网	
1465	合肥房产网	互联网	
1466	唱吧	互联网	
1467	明基中国	企业	
1468	华律网	互联网	
1469	ELLE中国	企业	
1470	好贷网	金融	
1471	汇源集团	上市公司	
1472	深圳信壹网络有限公司	企业	
1473	爱在这儿大型征婚交友网	互联网	
1474	手游之家	互联网	
1475	易居中国	企业	
1476	房讯网	互联网	
1477	北京全聚德集团	企业	
1478	用友软件	企业	
1479	北京摩擦科技有限公司	企业	
1482	我图网	互联网	
1483	顺美集团有限公司	企业	
1484	绍兴大剧院	企业	
1485	茂名职业技术学院	高校	
1486	东莞阳光网	互联网	
1487	大公网	互联网	
1488	深圳市搜了信息技术有限公司	企业	
1489	咕嘟妈咪（上海）信息咨询有限公司	企业	
1490	浙江新安化工集团股份有限公司	上市公司	
1491	爱林至善贸易股份有限公司	企业	
1492	北京市体检网	互联网	
1493	云南农业大学	高校	
1494	津南区人力资源和社会保障局	政府	
1495	手游天下	互联网	
1497	广东智博信息产业有限公司	企业	
1498	大连蓝巨人科技有限公司	企业	
1499	广州图书馆	政府	
1500	汾西矿业集团	企业	
1501	史丹利	企业	
1502	网宿科技	互联网	
1503	快网	互联网	
1505	萧山人才网	互联网	
1506	正保远程教育集团	企业	
1507	寻购网	电商	
1508	上海市信息网络安全管理协会	政府	
1509	上海灵当信息科技有限公司	企业	
1510	广州星月网络科技有限公司	企业	
1511	长沙二三三网络科技有限公司	企业	
1512	玉柴集团	企业	
1513	深圳人才网	互联网	
1514	桔子水晶	酒店	
1515	国青青旅	酒店	
1516	北京爱迪通联科技有限公司	企业	
1521	贵阳市住房和城乡建设局	政府	
1522	蚂蜂窝	互联网	
1523	久游网	互联网	
1524	青岛拓宇网络科技有限公司	企业	
1525	沃通电子认证服务有限公司	企业	
1526	答疑网	互联网	
1527	北京罗星工贸有限公司	企业	
1528	沈阳焕时代电子商务有限公司	企业	
1530	世界商业信息网	互联网	
1531	中国石油天然气集团公司	能源	
1532	115网盘	互联网	
1535	海康威视	企业	
1536	上海美境旅游咨询有限公司	企业	
1537	北京通达信科科技有限公司	企业	
1538	深圳市三维度科技有限公司	企业	
1539	青岛科创互联网络科技有限公司	企业	
1540	中国人寿财产保险股份有限公司	企业	
1541	中国日报	企业	
1543	中国标准化研究院	政府	
1544	广东绿瘦健康信息咨询有限公司	企业	
1546	广发证券股份有限公司	金融	
1547	广东省数字证书认证中心	政府	
1548	深圳市中联保商业软件有限公司	企业	
1549	先锋网	互联网	
1550	上海友游网络技术有限公司	企业	
1552	赛迪网	互联网	
1553	太原迅易科技有限公司	企业	
1555	北京搜斗士信息技术有限公司	企业	
1556	快的打车	互联网	
1557	重庆蓝石星际科技有限公司	企业	
1558	北京创数教育科技发展有限公司	企业	
1559	重庆康洲科贸有限公司	企业	
1560	世纪龙信息网络有限责任公司	互联网	
1561	优酷土豆	互联网	
1562	神华和利时信息技术有限公司	企业	
1563	乔布简历网	互联网	
1564	南阳人才网	互联网	
1565	出山网	互联网	
1566	山东掌中宝信息技术股份有限公司	企业	
1567	地图汇	互联网	
1568	宁波市镇海领跑网络科技有限公司	企业	
1569	湖北工业职业技术学院	高校	
1570	上谷网络ASPCMS	互联网	
1571	3G门户网	互联网	
1572	百乐游	企业	
1573	九块邮	企业	
1574	租售情报网	互联网	
1575	幻浪网页游戏平台	互联网	
1576	惠州经济职业技术学院	高校	
1577	126disk网盘	互联网	
1578	文轩九月数字图书馆	企业	
1579	浪潮	上市公司	
1580	sinsiu	企业	
1582	北京科维能动信息技术有限公司	企业	
1583	中国人寿保险股份有限公司	上市公司	
1584	银联商务有限公司	金融	
1585	酒美网	互联网	
1586	易网络数据服务有限公司	企业	
1588	Game214	企业	
1589	易到用车	企业	
1590	天津市四方欧业液压机械有限公司	企业	
1591	芭乐互动（北京）文化传媒有限公司	企业	
1592	国家互联网应急中心甘肃分中心	政府	
1593	筑龙网	互联网	
1594	28y游戏网	互联网	
1595	浙江省卫生和计划生育委员会	政府	
1596	中国国家地理网	互联网	
1597	12306网站	互联网	
1598	常州市教育局	政府	
1600	杰奇网络	互联网	
1601	山东省城市商业银行合作联盟	金融	
1602	贵州志为信科技有限公司	企业	
1603	河南省卫生厅	政府	
1604	上海众赞网络科技有限公司	企业	
1605	中国国际航空股份有限公司	航天航空	
1606	武汉英中（培训）学校	高校	
1608	边锋网络	互联网	
1609	看南部网	互联网	
1610	上海隆游网络科技有限公司	企业	
1611	信游科技	企业	
1612	深圳市同步安讯信息技术有限公司	企业	
1613	湖北三峡云计算中心有限责任公司	企业	
1614	千鹤自助建站	企业	
1615	河北人口计生委	政府	
1616	浙江省疾病预防控制中心	政府	
1617	北京中云融信	企业	
1618	xmnn	媒体	
1619	www.pkusz.edu.cn	高校	
1620	驾校一点通	企业	
1621	学易直播	企业	
1622	全球贸易收单卖单平台	企业	
1623	宁波邻家网络科技有限公司	企业	
1624	同步安讯	企业	
1625	掌上大学	高校	
1626	永辉超市	企业	
1627	沈阳房产网	互联网	
1628	恩度网络科技有限有公司	企业	
1629	泉州师范学院	高校	
1632	外汇通	企业	
1634	北京百容千域软件技术开发有限责任公司	企业	
1636	新居网	互联网	
1637	常州市人才服务中心	政府	
1638	武汉锐昊泰科技	企业	
1639	国信招标集团股份有限公司	企业	
1640	易源多用户论坛	企业	
1641	昆明市第一中学	高校	
1642	网钛科技	互联网	
1643	天威诚信	企业	
1644	宁夏银川市公安局	政府	
1645	移花互动	企业	
1646	大连华讯投资咨询有限公司	企业	
1647	厦门同步网络有限公司	企业	
1648	信阳领豫汽车租赁有限公司	企业	
1649	南宁市王者通讯股份有限公司	企业	
1650	江苏金智教育信息股份有限公司	企业	
1651	德阳市政府办公室	政府	
1652	印加时代网络科技有限公司	企业	
1653	郑州炫彩网络科技有限公司	企业	
1654	深圳习习网络科技有限公司	企业	
1656	25亿企业网站管理系统	企业	
1657	义乌恒信人才网	互联网	
1658	焦点科技	互联网	
1659	投米网	互联网	
1660	源泉网络科技	互联网	
1661	畅捷通	企业	
1663	联想集团	企业	
1664	WinWebMail邮件系统	企业	
1665	铁通辽宁分公司	运营商	
1666	四川时代博川科技发展有限公司	企业	
1667	大连外国语大学	高校	
1669	承德天通数码科贸有限公司	企业	
1670	铁通河南分公司	运营商	
1671	4399小游戏	互联网	
1672	华声论坛	互联网	
1673	常州市北郊初级中学	高校	
1675	北京奥发视图科技有限公司	企业	
1676	山东省地质环境监测总站	政府	
1677	上海贝锐信息科技有限公司	企业	
1678	phpstat	企业	
1679	驴妈妈旅游网	旅游	
1680	tianbu	企业	
1681	专属教育网	高校	
1682	厦门房地产联合网	企业	
1683	成都城市燃气有限责任公司	企业	
1684	lib.fjjyxy.com	高校	
1685	phpmps	企业	
1686	铁通云南分公司	运营商	
1687	杭州极跑科技有限公司	企业	
1688	河南红领金金融服务有限公司	企业	
1689	青岛惯目中天是举报件有限公司	企业	
1690	成都市信慧金融服务外包有限公司	企业	
1691	北京盛学成长科技有限公司	企业	
1692	招商证券股份有限公司	金融	
1693	Hishop	企业	
1694	湖南快乐阳光互动娱乐传媒有限公司	媒体	
1695	汕头铁通	运营商	
1696	蓝信移动	运营商	
1697	搜房网	互联网	
1699	普资华企	企业	
1700	南方人才网	互联网	
1701	试道联盟	企业	
1702	中远香港航运有限公司	航天航空	
1703	微才信息	互联网	
1704	惠富天下	金融	
1705	连云港市百姓网络有限公司	企业	
1706	北京掌上通网络技术股份有有限公司	企业	
1707	西电信息安全协会	高校	
1708	上海浩亚达金融信息服务有限公司	企业	
1709	战天堂网游	互联网	
1710	中国远洋运输集团总公司	企业	
1711	荆州农商银行	金融	
1712	武汉有戏网络科技有限公司	企业	
1713	千龙网	互联网	
1714	湖北仙桃农村商业银行	金融	
1715	和创科技	企业	
1716	西咸网络农业	企业	
1717	ICCGAME游戏平台	互联网	
1718	畅网	企业	
1719	民政系统开发商	政府	
1720	北京闪银奇异科技有限公司	企业	
1721	圣才学习网	互联网	
1722	河南麦金顿资产管理有限公司	企业	
1723	成都美恰网络有限公司	企业	
1724	福州万相信息科技有限公司	企业	
1725	中国航空油料集团	企业	
1726	长沙南方职业学院	高校	
1727	北京鑫柏汇丰科技有限公司	企业	
1728	聚融投资	金融	
1729	上海惠诚科教仪器有限公司	企业	
1730	蒲江县文化馆	互联网	
1732	深圳航空	航天航空	
1733	山西公安交警网	政府	
1734	政务信息无障碍系统云平台	政府	
1735	中国医药集团总公司	企业	
1736	山东航空股份有限公司	航天航空	
1738	新浪乐居	上市公司	
1739	广州市问途信息技术有限公司	企业	
1741	中国移动（深圳）有限公司	运营商	
1742	动软卓越	企业	
1743	四川省钱坤证券投资咨询有限公司	企业	
1744	重庆图书馆	互联网	
1746	北京致远协创软件有限公司	企业	
1747	糗事百科	互联网	
1748	北京北陆药业股份有限公司	企业	
1749	福建省药品检验所	政府	
1750	杭州神话信息技术有限公司	企业	
1751	上海翼拍网络科技有限公司	企业	
1752	北京华仕通教育科技有限公司	企业	
1753	中兴通讯股份有限公司	A股	
1754	湖南省残疾人联合会	政府	
1755	常州永继网络科技有限公司	企业	
1756	中国音乐著作权协会	互联网	
1757	重庆易极付科技有限公司	企业	
1758	翻译网	互联网	
1759	深圳瑞银信	企业	
1760	上海逐浪CMS软件科技有限公司	企业	
1761	聚好笑	企业	
1762	中华联合财产保险股份有限公司	金融	
1763	中国电力投资集团公司	企业	
1764	方正金融	金融	
1765	深圳市谷米科技有限公司	企业	
1766	北京市四达邮币社	企业	
1767	上海国际影视节中心	企业	
1768	91师徒网	互联网	
1769	ShopBuilder	企业	
1770	北京亿中邮信息技术有限公司	企业	
1771	长春市支点科技有限公司	企业	
1773	河北安凯投资有限公司	企业	
1774	中国电信增值业务运营中心	运营商	
1775	飞华健康网	企业	
1776	中国移动四川分公司	运营商	
1778	上海迅傲信息科技有限公司	企业	
1779	游艺春秋	互联网	
1780	北京市燃气集团有限责任公司	企业	
1781	汕头市公安局	政府	
1782	广东移动	运营商	
1784	北京科码先锋软件技术有限公司	企业	
1785	驰尚潮流女装	互联网	
1786	深圳市销邦信息科技有限公司	企业	
1787	四川家大	企业	
1788	西安北方中医皮肤病医院	医药	
1789	内蒙古通辽市华清节能设备有限公司	企业	
1790	重庆天非室内设计有限公司	企业	
1791	伴车星	企业	
1792	宜人贷	金融	
1793	乐刷科技有限公司	企业	
1794	瑞银金融有限公司	金融	
1795	内蒙古工业大学	高校	
1796	江苏农牧科技职业学院	高校	
1797	大米CMS	企业	
1798	宜兴市卫生局	政府	
1799	中国商务新闻网	媒体	
1800	cscms	企业	
1801	主机卫士	企业	
1802	邳州市广茂银杏苗木基地	企业	
1803	大同市网宿科技有限公司	企业	
1804	湖州在线新闻网站	媒体	
1805	开普互联信息科技有限公司	企业	
1806	宿州市顺天粉体设备制造有限公司	企业	
1807	中央政府采购网	政府	
1808	名艺名居古典家具有限公司	企业	
1809	重庆城市管理职业学院	高校	
1810	陈老师泄油瘦身汤	互联网	
1811	eazytec	企业	
1812	TCL	企业	
1813	兰州交通大学	高校	
1814	久邦数码科技有限公司	上市公司	
1815	山东省质量技术监督局	政府	
1817	北京数字认证股份有限公司	企业	
1819	医方明	医药	
1820	北京嘉德宝业科技发展有限公司	企业	
1821	中国人保财险安徽公司	A股	
1822	中国普天信息产业股份有限公司	企业	
1823	北京穷游天下有限公司	互联网	
1824	优集品	企业	
1825	河南木兰花软件开发有限公司	企业	
1826	河南愿景网络技术有限公司	企业	
1827	西安瑞友信息技术资讯有限公司	企业	
1830	交通运输行业	政府	
1831	嘉祥魅力网络科技有限公司	企业	
1832	YoutuWeb	企业	
1833	河北世窗信息技术股份有限公司	企业	
1834	虎嗅网	互联网	
1835	浙江成瑞软件科技有限公司	企业	
1836	南京索特科技有限公司	企业	
1837	哈牛网	互联网	
1838	重庆将音速记服务有限公司	企业	
1840	北京中海通科技有限公司	企业	
1841	东方有线官方商城	电商	
1843	中国东方航空股份有限公司	上市公司	
1845	爱初乐	电商	
1846	康秀一品	企业	
1848	上海师范大学	高校	
1849	中百客	企业	
1850	中国移动嘉兴分公司	运营商	
1851	北京踏浪者科技有限公司	企业	
1852	车宝汇	企业	
1853	湖北意美明天广告传媒有限公司	企业	
1854	安徽医学高等专科学校	高校	
1855	共青团齐齐哈尔市委员会	政府	
1856	长沙奥康生物科技有限公司	企业	
1857	天一商城	电商	
1858	Ametoo商城网	电商	
1859	神笔马良画室	互联网	
1862	德邦证券股份有限公司	金融	
1863	绵阳市食品药品监督管理局	政府	
1864	安徽龙讯信息科技有限公司	企业	
1865	金华米粒网络技术服务有限公司	互联网	
1866	天利文化发展有限公司	企业	
1867	西安网是科技发展有限公司	企业	
1868	浙江省旅游信息中心	政府	
1869	青岛钱吧金融信息服务有限公司	金融	
1870	郑州市华禹实业有限公司	企业	
1871	开心豆芽粉	互联网	
1873	太平洋电脑网	互联网	
1876	中国信息通信研究院技术与通信标准研究所	政府	
1877	豇豆角	企业	
1878	淮安市翔宇电子有限公司	企业	
1879	惠州视窗	企业	
1880	凡科	互联网	
1881	武汉英福软件有限公司	企业	
1882	弈网电脑科技工作室	互联网	
1883	校园购物网	电商	
1884	淄博市公安局	政府	
1885	华拓数码科技有限公司	企业	
1887	ku3网	互联网	
1888	广州丰尔登贸易有限公司	企业	
1889	淄博公安	政府	
1890	YGOPRO中文网	企业	
1891	支付宝	互联网	
1892	深圳市前海小麦互联网金融服务有限公司	金融	
1893	上海盛付通电子支付服务有限公司	金融	
1894	揭阳市振兴滴塑厂	企业	
1895	深圳市逸天服饰有限公司	企业	
1897	茶途网	互联网	
1898	福建爱玩网络科技有限公司	企业	
1899	北京改联极拓信息技术有限公司	企业	
1900	福建师大福清分校	高校	
1901	济南品脉数控设备有限公司	企业	
1902	深圳喜黔游文化传播有限公司	企业	
1903	临海市柯布贸易有限公司	企业	
1904	爱客仕网络科技有限公司	互联网	
1905	深圳市河辰通讯技术有限公司	企业	
1906	安徽绿海商务职业学院	高校	
1907	广州阅速软件科技有限公司	企业	
1908	武汉洪恩特科技有限公司	企业	
1910	乐致安信息技术有限公司	企业	
1911	TOT团队	企业	
1912	浙江教育技术中心	政府	
1913	南昌航空大学	高校	
1914	海关总署信息中心	政府	
1915	浙江教育资源网	互联网	
1916	21英语网	互联网	
1917	快递助手	企业	
1918	浙江省教育技术中心	政府	
1919	迅雷	互联网	
1921	问天汽车服务中心	企业	
1922	尚品优联商城	电商	
1923	浙江教育资源公共平台	高校	
1924	深圳市伟智达电教科技有限公司	企业	
1925	广汉科学技术和知识产权信息网	政府	
1927	翠竹小学	高校	
1929	老钱庄	金融	
1930	中铁二十局集团第二工程有限公司	政府	
1931	成都任我行科技有限责任公司任我行电商	电商	
1932	吉林省聚发财电子商务有限公司	企业	
1933	丽江市一卡通旅游结算有限公司	企业	
1934	万达信息股份有限公司	企业	
1935	江西省住房公积金管理中心	政府	
1936	沈阳市社会医疗保险管理局	政府	
1937	天成医疗网	医药	
1938	永康人社局	政府	
1939	广西壮族自治区卫生厅	医药	
1940	山西省社会保险局	政府	
1941	永康市人力资源和社会保障局	政府	
1942	山西省人力资源和社会保障信息中心	政府	
1943	山西医保中心	政府	
1944	沧州市人力资源和社会保障局	政府	
1945	河北东软软件有限公司	企业	
1947	CmsTop	企业	
1948	湖南省计生委信息中心	政府	
1949	中国软件与技术服务股份有限公司	企业	
1950	中国烟台政府门户网站	政府	
1951	国家互联网应急中心宁夏分中心	政府	
1952	乐拍网	互联网	
1953	咖啡团队论坛	企业	
1954	国药股份	企业	
1955	南方分级阅读	企业	
1956	三顺物流股份有限公司	企业	
1957	大连世安科技股份有限公司	企业	
1958	米乐分销网	互联网	
1959	吉林省疾控中心	政府	
1960	盛世阳光	企业	
1961	北京金融资产交易所	金融	
1962	铜川市金融服务平台	金融	
1963	中国西藏网	互联网	
1964	成都印联科技	企业	
1965	永月辅助论坛	企业	
1966	和泓地产	企业	
1967	台州市人力资源和社会保障局	政府	
1968	深圳市原形互联网金融服务有限公司	互联网	
1969	名品导购网	互联网	
1970	中央音乐学院	高校	
1972	山东省射频识别应用工程技术研究中心	企业	
1973	青岛啤酒股份有限公司	企业	
1974	凡科网	互联网	
1975	重庆市食品药品监督管理局	政府	
1976	湖南长沙市公安局	政府	
1977	山东栖霞人力资源和社会保障信息网	政府	
1978	品牌商城	企业	
1982	微贷在线	金融	
1983	陕西省西咸新区沣东新城管理委员会	政府	
1984	东软集团	企业	
1985	东莞市社保局	政府	
1986	东莞报业传媒集团	企业	
1987	衢州市社会保险网	政府	
1988	网尽科技	互联网	
1989	北京物通时空网络科技开发有限公司	互联网	
1990	浦江县人力资源和社会保障局	政府	
1991	杭州人才网络科技有限公司	企业	
1992	中国物通网	企业	
1994	中国人寿保险集团公司	名企	
1995	格尔木市社保局	政府	
1996	深圳市汉码软件技术有限公司	企业	
1999	英语技巧网	互联网	
2000	浙大网新科技股份有限公司	企业	
2001	杭州网尽信息科技有限公司	企业	
2002	哈尔滨工业大学	高校	
2003	杭州市余杭区人力资源和社会保障局	政府	
2004	北京师范大学图书馆	高校	
2005	衢州市人力资源和社会保障信息中心	政府	
2006	990购物	互联网	
2007	36kr	互联网	
2008	南山区政府	政府	
2009	宿松县房地产管理局	政府	
2010	福建创意嘉和软件有限公司	企业	
2011	广东欧珀移动通讯有限公司	企业	
2012	龙巢网	互联网	
2013	河北省卫生厅	医药	
2014	休游乐	企业	
2015	帅慷装饰工程有限公司	企业	
2016	兰迪科诺	企业	
2017	安徽创瑞信息技术有限公司	企业	
2019	北京京胜世纪科技有限公司	企业	
2020	山东省建筑工程管理局	政府	
2021	浙大网新	互联网	
2023	安徽省安全监督管理局	政府	
2024	口袋巴士	企业	
2025	幸运彩虹网络科技有限公司	企业	
2026	山东省环保厅	政府	
2027	莱特币虚拟币交易网站	互联网	
2029	真融宝	企业	
2030	浙大信息中心	高校	
2031	南充市社会保险网上服务平台	保险	
2032	上海睿的网络科技有限公司	企业	
2033	商品街	互联网	
2034	马鞍山中加双语学校	高校	
2035	安徽华脉科技发展有限公司	企业	
2036	苹果cms	互联网	
2037	温州市电子政务中心	政府	
2038	湖北家春秋棉制品有限公司	企业	
2039	953游戏	互联网	
2041	索迪网络	互联网	
2042	江苏物合智联科技有限公司	企业	
2043	上海樱游机电科技有限公司	企业	
2044	马鞍山博安信息科技有限公司	企业	
2045	加盟一点通	企业	
2046	金华华速文化传播有限公司	企业	
2047	北京市纯悦网络科技有限公司	企业	
2048	配资么	金融	
2049	北京诚信爱车行	企业	
2050	广州综网先峰广告有限公司	企业	
2052	北京尼美佳电气有限公司	企业	
2053	响水汽车网	互联网	
2054	重庆秀风网络科技有限公司	企业	
2055	上海师悦信息科技有限公司	企业	
2056	鑫宇网络	互联网	
2057	广西省卫生厅	政府	
2058	江西剑安消防设备有限责任公司	企业	
2059	北京华丰农业工程开发公司	企业	
2060	广州市荔湾区知书茶礼坊礼品店	企业	
2061	山东省出入境检验检疫局	政府	
2062	中国移动通信集团江西有限公司	运营商	
2064	深圳市彩讯科技有限公司	企业	
2065	国家开放大学数字化学习资源中心	高校	
2066	杭州市卫生信息中心	政府	
2067	山西省卫生计生委信息中心	政府	
2068	宁波市政府办公厅信息中心	政府	
2069	西山区网上警务室	政府	
2071	天融信	企业	
2072	农业部信息中心	政府	
2073	中国寰球工程公司	企业	
2074	北京好美居电子商务有限公司	企业	
2075	南京城市智能交通有限公司	企业	
2076	杭州市上城区卫生局卫生监督所	政府	
2077	广州计量检测技术研究院	企业	
2079	深圳市快印客电子商务有限公司	企业	
2080	广州翼道网络技术有限公司	企业	
2081	江苏科建教育软件有限责任公司	企业	
2082	龙人集团	企业	
2083	天津市疾病预防控制中心	政府	
2085	合肥市科学技术局	政府	
2086	厦门大学	高校	
2088	徐州中级人民法院	政府	
2089	IDF实验室	互联网	
2090	西北师范大学	高校	
2091	山东农业大学网信中心	高校	
2093	北京大学软件与微电子学院	高校	
2094	海康威视旗下萤石	企业	
2095	北京市医药集中采购服务中心	企业	
2096	北京亿信华辰软件有限责任公司	企业	
2097	优配网	互联网	
2098	浙江教育考试服务中心	企业	
2099	成都思必得信息技术有限公司	企业	
2100	福建运来伟业环保科技有限公司	企业	
2101	北京华软世纪科技有限公司	企业	
2102	北京拓尔思信息技术股份有限公司	企业	
2104	沈阳农业大学	高校	
2105	吴淞中学	高校	
2106	宸唯软件开发上海有限公司	企业	
2107	北京佐敦网络科技有限公司	企业	
2108	贵州精英天成科技股份有限公司	企业	
2109	金山词霸	企业	
2110	桃江县职业中专学校	高校	
2111	dynatrace	企业	
2112	maccms	企业	
2113	爱之人成人用品	电商	
2114	河南省教育网	高校	
2115	常州市财政局	政府	
2116	牛网址	互联网	
2117	宁波灵峰信息技术有限公司	企业	
2118	温州市政府	政府	
2119	谷城县人力资源和社会保障局	政府	
2120	风尚中国	企业	
2121	第二军医大学	高校	
2122	浙江索思科技有限公司	企业	
2123	海关总署	政府	
2124	北京安全诚信科技有限公司	央企	
2125	四川省人才网	互联网	
2126	昆明丫丫科技	企业	
2128	北京教育考试院	高校	
2131	TCL多媒体	高校	
2132	上海云盾信息技术有限公司	企业	
2133	北京农学院	高校	
2134	中国青年政治学院	高校	
2135	中国五矿集团公司	企业	
2136	福建健康之路信息技术有限公司	企业	
2137	首都师范大学数字校园建设中心	高校	
2138	新疆维吾尔自治区信访局	政府	
2139	厦门沃鸿信息技术有限公司	企业	
2140	群翔软件技术	企业	
2141	北京石油化工学院	高校	
2142	上海安沐生物科技有限公司	企业	
2143	中国大地保险	保险	
2144	浙江教育纪检监察网	政府	
2145	智信创富	企业	
2146	北京舞蹈学院	高校	
2147	陕西移动	运营商	
2148	中华人民共和国人力资源和社会保障部	政府	
2149	德州市电子政务办公室	政府	
2150	宁阳县人社局	政府	
2151	中国农业大学	高校	
2152	北京点石创科信息技术有限责任公司	企业	
2153	昆明中益信中小微企业金融服务有限公司	金融	
2154	安徽伊萃宁信息科技有限公司	企业	
2155	合肥深拓计算机系统集成有限公司	企业	
2156	饿了么	互联网	
2157	喔喔影视制作论坛	企业	
2158	安徽省注册会计师协会	互联网	
2159	abc360	企业	
2160	江苏省疾病预防控制中心	医药	
2162	上海申康医院发展中心	医药	
2163	上海开放大学	高校	
2164	秦皇岛市人社局	政府	
2165	盛拓传媒	互联网	
2166	广东数字证书认证中心	企业	
2167	无名正品在线商城	电商	
2168	湘财证券股份有限公司	金融	
2169	玉环县教育技术中心	高校	
2170	燕郊服务网	政府	
2171	梦之旅	企业	
2172	广东顺德珀丽高塑料实业有限公司	企业	
2173	中国农业大学网络中心	高校	
2174	滁州财政局	政府	
2175	郑州市社会公共管理专题网站	政府	
2176	郑州市社会公共管理网	政府	
2177	重庆工商大学	高校	
2178	来吧旅游	旅游	
2180	深圳市公安局	政府	
2181	秦皇岛东易科技有限公司	企业	
2182	国家邮政局	政府	
2183	上海市人才服务中心	政府	
2185	河北东易信息技术有限公司	企业	
2186	朝暮数据	企业	
2187	大连中天软件	企业	
2188	红蜻蜓集团	企业	
2189	松江区科学技术委员会	政府	
2190	成都智分享网络有限公司	企业	
2192	上海川道信息科技有限公司	互联网	
2194	义乌市人力资源和社会保障局	政府	
2196	东莞市技师学院	高校	
2197	京东商城	互联网	
2199	人民铁道网	互联网	
2200	上海市松江区人民政府	政府	
2201	江苏省电力公司	企业	
2202	黑龙江省食品药品监督管理局	政府	
2203	科蚁CMS系统	企业	
2204	米盟	企业	
2205	云南镇雄	企业	
2206	河南教育厅	政府	
2207	柳e贷	金融	
2208	河北省教育厅	政府	
2209	北京市大西洋仪器工程有限责任公司	企业	
2210	重庆市人力资源和社会保障局	政府	
2212	黑龙江公众信息产业公司	企业	
2213	融云	企业	
2214	平阳县卫生局	政府	
2215	杭州铜板街网络科技有限公司	企业	
2217	吉祥人寿保险股份有限公司	保险	
2218	全讯汇聚网络科技北京有限公司	企业	
2219	妈妈网	互联网	
2220	热影网	互联网	
2222	斑马物联网	企业	
2223	联动天下	企业	
2224	北京方正阿帕比技术有限公司	企业	
2225	来吧旅行	企业	
2226	上海珍芝生物科技有限公司	企业	
2227	山东工业美术学院	高校	
2230	邯郸市社会保障中心	政府	
2231	重庆工程学院	高校	
2232	佛山市亿动网络有限公司	企业	
2233	当当网	互联网	
2234	中国人寿广东省分公司	保险	
2235	邯郸市人力资源和社会保障局	政府	
2236	深圳前海金桥梁有限公司	金融	
2237	上海尚望投资管理有限公司	金融	
2238	上海慧旅信息科技有限公司	企业	
2239	神州租车	企业	
2240	郑州大学	高校	
2241	浙江长龙航空有限公司	企业	
2242	长龙航空	航天航空	
2243	赶集网	互联网	
2244	宝安区政府在线	政府	
2246	特维轮网络科技	互联网	
2247	科大讯飞	企业	
2248	圆通速递	企业	
2249	北京会会达人科技发展有线公司	企业	
2250	北京国都信业科技有限公司	企业	
2251	模具联盟网	互联网	
2252	101远程教育网	互联网	
2253	河南理工大学	高校	
2254	中远网络	互联网	
2255	广州市沃祺信息科技有限公司	企业	
2256	宿迁党建网	互联网	
2257	精英在线教育	企业	
2259	一起装修网	企业	
2261	宁波市卫生局	政府	
2262	山东省教育厅	政府	
2263	上海证券报网	企业	
2264	中国中化集团公司	企业	
2265	米仓网	互联网	
2266	上海华瑞银行股份有限公司	银行	
2267	滴答网	互联网	
2271	一汽丰田	央企	
2273	湖南省教育考试院	高校	
2274	nexus中文网	互联网	
2275	国寿安保基金管理有限公司	金融	
2276	魔客吧	企业	
2279	中山市网政软件有限公司	企业	
2280	深圳云夺电子商务有限公司	政府	
2281	重庆市妇幼保健院	医药	
2282	视界网	企业	
2283	温州市科学技术情报研究所	政府	
2284	点到上门按摩	企业	
2285	易淘星空	企业	
2286	广东微贷投资管理有限公司	金融	
2287	上海国泰君安证券资产管理有限公司	金融	
2288	重庆城市管理学院	高校	
2289	浙江省水利厅	政府	
2291	重庆市文物局	政府	
2292	中山大学中山眼科中心	高校	
2293	红美官方商城	企业	
2294	深圳市南山区教育局	政府	
2295	联动优势科技有限公司	企业	
2296	广东赛百威信息科技有限公司	企业	
2297	云锁	企业	
2298	重庆会计之家	企业	
2299	河南中升华网络科技股份有限公司	企业	
2301	上海汽车集团财务有限责任公司	金融	
2303	中共阳朔县委组织部	政府	
2305	简单任务	企业	
2306	凤凰艺术教育	企业	
2308	东方基金管理有限责任公司	企业	
2309	鹏华基金管理有限公司	企业	
2310	南方基金管理有限公司	企业	
2311	新华基金管理有限公司	企业	
2312	成都大顺广告有限公司糖酒会展会服务	企业	
2313	国海证券	金融	
2315	国海富兰克林基金管理有限公司	企业	
2317	北京久其软件股份有限公司	企业	
2318	中国银行股份有限公司	名企	
2320	书生电子	企业	
2321	金元顺安基金管理有限公司	企业	
2322	启明星辰	互联网	
2323	网御星云	企业	
2324	杭州合众数据技术有限公司	企业	
2325	安方高科	企业	
2326	深圳市台信电子有限公司	企业	
2327	丰田中国	企业	
2329	重庆崇美科技	企业	
2330	重庆东盛科技有限公司	企业	
2331	重庆点睛教育培训中心	企业	
2332	海南航空	航天航空	
2333	国金基金管理有限公司	金融	
2335	重庆交通大学	高校	
2336	国务院国资委信息中心	政府	
2337	陕西移动电子商务分公司	运营商	
2338	江西省教育管理信息中心	高校	
2339	西南大学	高校	
2340	腕表之家	企业	
2342	草根新贷	金融	
2343	弘康人寿	保险	
2344	本地宝	互联网	
2345	双齐国际	企业	
2346	泰山保险	保险	
2348	河南省社会养老保险事业管理局	政府	
2350	华泰财产保险有限公司	保险	
2351	青品集	企业	
2352	上海理想信息产业有限公司	企业	
2353	北京快网	互联网	
2355	上海市公积金管理中心	政府	
2356	交银施罗德基金管理有限公司	金融	
2357	重庆药品交易所	医药	
2358	上海征途信息技术有限公司	企业	
2360	广州力挚网络科技有限公司	互联网	
2361	华润三九	上市公司	
2362	呱呱洗车	互联网	
2364	云南电网有限责任公司	政府	
2365	齐鲁证券有限公司	金融	
2366	银河基金管理有限公司	金融	
2367	华福基金管理有限责任公司	企业	
2368	重庆青年职业技术学院	高校	
2369	成都文殊院	企业	
2370	江苏省基础教育信息管理系统	高校	
2371	巨人网络科技有限公司	互联网	
2372	深圳市市场监管委	政府	
2373	功夫熊	企业	
2374	安信农业保险	金融	
2375	中国电信股份有限公司安徽分公司	运营商	
2376	贝贝网	互联网	
2377	哈药集团三精营销中心	A股	
2379	途家	互联网	
2380	国华人寿保险股份有限公司	企业	
2381	重庆君盾科技有限公司	政府	
2382	舟山水务局	政府	
2383	78创业商机网	互联网	
2385	康是美官网	企业	
2386	温州市瓯海区电子政务中心	政府	
2387	四川省教育厅	政府	
2388	抚顺教育网	高校	
2390	华润	企业	
2392	南阳市卫生局	政府	
2393	南京林业大学	高校	
2394	张家口市统计局	政府	
2395	浙江师范学院	高校	
2396	绍兴文理学院	高校	
2397	重庆广播电视大学	高校	
2398	重庆工商职业学院	高校	
2399	湖北省安全生产宣传教育中心	政府	
2400	温州科技职业学院	高校	
2401	君龙人寿保险有限公司	保险	
2402	杭州鑫合汇网络科技有限公司	互联网	
2403	东风日产乘用车公司	企业	
2404	韵达速递	企业	
2405	特步	企业	
2406	北京外企人力资源服务有限公司	企业	
2407	国联人寿	保险	
2408	杭州知聊	企业	
2409	福建师范大学闽南科技学院实验中心	高校	
2410	大众网	企业	
2411	翼支付	金融	
2413	泰山财产保险	保险	
2414	华宝信托	金融	
2415	北京川速微波科技有限公司	企业	
2416	重庆市招生考试服务有限责任公司	政府	
2417	大特保	互联网	
2418	金控网贷	金融	
2419	国联证券	金融	
2421	七彩鲜花	互联网	
2423	红椒手游网	互联网	
2424	浙江投融谱华互联网金融有限公司	金融	
2426	温州市人力资源和社会保障信息中心	政府	
2427	财富证券有限责任公司	金融	
2429	桂林银行	金融	
2431	汉威信恒展览有限公司	名企	
2432	上海市教育委员会	高校	
2433	湖北安全生产宣传教育中心	政府	
2434	中关村管委会	政府	
2435	福建省教育厅	政府	
2436	重庆广播电视集团阳光重庆传媒中心	媒体	
2437	北大方正人寿保险有限公司	保险	
2438	合天实验室	企业	
2440	重庆小康工业集团股份有限公司	企业	
2442	杭州网兰科技有限公司	企业	
2443	漯河市教育网	企业	
2444	马鞍山农商银行	银行	
2445	加油宝	互联网	
2446	中国社会科学院	政府	
2447	快钱支付信息服务有限公司	金融	
2448	西南证券	金融	
2450	中国卫生人才网	企业	
2451	中国社会科学网	央企	
2452	厦门全心购物有限公司	企业	
2454	厦门广电集团购物频道官网	互联网	
2455	北京汇通金财信息科技有限公司	企业	
2456	广东开普互联信息科技有限公司	互联网	
2457	意真金融信息服务有限公司	金融	
2458	壹心理	互联网	
2460	CGV星聚汇影城	企业	
2461	信达证券股份有限公司	金融	
2462	山东外国语职业学院	高校	
2463	河北汤鸿汇泰投资管理有限公司	金融	
2465	合肥晶奇电子科技有限公司	企业	
2466	湖南强智科技发展有限公司	企业	
2467	云家政	互联网	
2468	恒泰证券股份有限公司	金融	
2469	明水县政府	政府	
2470	湖北省交通运输厅	政府	
2473	北京东方网景信息科技有限公司	企业	
2474	央广网	媒体	
2475	广西自治区卫生厅	政府	
2476	JiaThis	互联网	
2477	善林金融信息服务有限公司	金融	
2478	安徽广播电视大学	高校	
2480	郑州新益华医学科技有限公司	企业	
2481	广州市医药有限公司	企业	
2482	上海互信金融信息服务有限公司	企业	
2485	中山大学	高校	
2487	上海市人民政府办公信息处理中心	政府	
2488	宝蓝财富天津科技有限公司	企业	
2490	重庆市气象服务中心	政府	
2491	海尔商城	企业	
2492	山石网科	企业	
2493	好厨师	互联网	
2494	中银国际证券	金融	
2495	闪电购	互联网	
2496	会计网	互联网	
2498	中科院网站群	企业	
2499	星美联合通讯有限公司	企业	
2500	甘肃省疾病预防控制中心	政府	
2501	北京达因军惠网络技术有限公司柳州分公司	企业	
2502	华泰人寿保险股份有限公司	金融	
2503	中航安盟财产保险有限以司	金融	
2504	恒生电子股份有限公司	企业	
2505	上海电气人力资源有限公司	企业	
2506	上海学伴软件有限公司	企业	
2507	广州拓波软件科技有限公司	企业	
2508	爱慕课	互联网	
2509	西安工业大学	高校	
2510	市经信委	政府	
2511	衡水市人力资源和社会保障局	政府	
2512	青岛英网资讯股份有限公司	互联网	
2513	中国职业技术教育学会	企业	
2514	招商基金管理有限公司	金融	
2515	景顺长城基金管理有限公司	企业	
2516	上海金诚通电子支付服务有限公司	企业	
2517	中航安盟财产保险有限公司	金融	
2518	成都分金社金融服务外包有限公司	企业	
2519	上海市卫生人才交流服务中心	政府	
2520	上海卫生人才网	企业	
2522	上海新世界进修中心	企业	
2523	上海华墨展览服务有限公司	企业	
2524	中科软科技股份有限公司	企业	
2525	中国疾病预防控制中心	政府	
2526	深圳市爱娃塔科技有限公司	企业	
2527	永诚财产保险股份有限公司	金融	
2528	易通贷	金融	
2529	北京航空航天大学	高校	
2530	深圳市趣宝科技有限公司	企业	
2531	闺蜜圈	互联网	
2532	软通动力信息技术集团有限公司	企业	
2533	天津银行	金融	
2534	三亚市智能公共交通信息中心	政府	
2535	郑州丹尼斯百货有限公司	企业	
2536	湖南慧聚天下网络科技有限公司	企业	
2537	珠海九洲港客运服务有限公司	企业	
2538	温州市行政审批与公共资源交易服务管理中心	政府	
2539	中国供应商	企业	
2540	上海外语教育出版社有限公司	企业	
2541	深圳三代人科技有限公司	企业	
2543	爱吾游戏	互联网	
2544	东方闻道科技发展有限公司	企业	
2545	帝隆科技	企业	
2546	湖北水院	企业	
2547	你我贷	企业	
2548	中煤财产保险股份有限公司	金融	
2549	宁波市鄞州申源医用材料有限公司	企业	
2551	大同市人民政府信息化中心	政府	
2552	长城人寿保险股份有限公司	金融	
2553	重庆市重点产业人力资源服务有限公司	企业	
2554	国药控股	企业	
2555	建信人寿保险有限公司	企业	
2556	中国电力建设企业协会	企业	
2558	华数集团	企业	
2559	钱升钱	金融	
2561	非凡软件站	企业	
2562	国家旅游局信息中心	政府	
2563	北京网库	企业	
2564	新华文轩出版传媒股份有限公司	企业	
2565	南通市政务中心	政府	
2566	暨南大学	高校	
2567	中国人寿江苏省分公司	企业	
2568	北京大学附属中学河南分校	高校	
2569	安徽建筑大学	高校	
2570	北京妙味趣学	互联网	
2571	中泰证券股份有限公司	企业	
2572	牛游戏	互联网	
2573	四川文轩教育科技有限公司	企业	
2574	芜湖市民政局	政府	
2575	中国航天科技集团公司	企业	
2576	徐州蓝佳网络科技有限公司	企业	
2577	爱酒网	互联网	
2578	郑州日产汽车有限公司	企业	
2579	教育部信息中心	政府	
2580	我赢职场	企业	
2581	爱吾安卓网	互联网	
2582	上海速查网络科技有限公司	企业	
2583	金华新闻网	媒体	
2584	上海电达信息技术有限公司	企业	
2586	沈阳教育网	互联网	
2587	沈阳市育教咨询有限公司	企业	
2588	湖北水利水电职业技术学院	高校	
2589	北京艺酷网络科技发展有限公司	互联网	
2590	上海邮乐网络技术有限公司	企业	
2591	池州市旅馆业治安管理	政府	
2592	合肥市人力资源和社会保障局	政府	
2593	中国药科大学	高校	
2594	深圳市蓝凌软件股份有限公司	企业	
2595	南京农业大学	高校	
2596	合肥市人力资源和社会保障	政府	
2597	中南大学	高校	
2599	山东大学	高校	
2600	铜陵人社局	政府	
2601	东华大学	高校	
2602	中国传媒大学	高校	
2603	北京交通大学	高校	
2604	重庆话语科技有限公司	企业	
2605	爱码验证码平台	企业	
2607	快乐购物股份有限公司	电商	
2608	上海外国语大学	高校	
2609	华东师范大学信息化办公室	高校	
2610	北京化工大学	高校	
2611	深圳农金圈金融服务有限公司	金融	
2613	光大永明人寿保险有限公司	保险	
2615	中电投蒙东能源集团有限责任公司	企业	
2616	华夏航空有限公司	航空航天	
2617	华东师范大学	高校	
2618	中国海洋大学	高校	
2619	广西金投互联网金融服务有限公司	金融	
2621	济南索玛软件有限公司	企业	
2622	轨道交通控制与安全国家重点实验室	高校	
2623	杭州弘网信息科技有限公司	企业	
2624	山东中医药大学	高校	
2625	山东省教育厅高校毕业就业信息网	政府	
2626	东北大学	高校	
2627	柳州银行股份有限公司	银行	
2628	昆明市安全生产监督管理局	政府	
2629	民生人寿保险股份有限公司	保险	
2631	窝窝团	互联网	
2632	甘肃省招生办公室	高校	
2633	上海市农委信息中心	政府	
2634	河南而立软件科技有限公司	企业	
2635	烟台房地产网	互联网	
2636	昆明奥远科技有限公司	企业	
2637	西南财经大学	高校	
2638	湖南省人力资源和社会保障厅	政府	
2639	江中集团	医药	
2641	南威软件股份有限公司	企业	
2642	德州市人社局	政府	
2643	安徽省教育招生考试院	政府	
2644	安徽省成人高校招生网	高校	
2645	东南网	媒体	
2647	重庆邮电大学	高校	
2648	福州市自来水有限公司	企业	
2649	四川大学	高校	
2650	中信证券	金融	
2651	重庆市两江新区人力资源局	政府	
2652	山西同昌信息技术实业有限公司	企业	
2653	东方融资网	金融	
2654	安徽省工商局	政府	
2655	重庆水利电力职业技术学院	高校	
2656	蚌埠市人力资源和社会保障局	高校	
2657	日日顺物联网信息技术有限公司	企业	
2658	宇视科技	企业	
2659	广东省东莞市明贤学校	高校	
2660	重庆市沙坪坝区经济和信息化委员会	政府	
2661	河北省人力资源和社会保障厅信息中心	政府	
2662	票友erp	企业	
2663	好买基金网	金融	
2664	山东青年政治学院	高校	
2665	重庆市沙坪坝区人民政府	政府	
2666	江苏省高校招生就业指导服务中心	政府	
2667	汕头大学	高校	
2668	北京市人民政府外事办公室	政府	
2669	安邦保险集团	保险	
2672	曲阜师范大学	高校	
2674	河南城建学院	高校	
2675	山西焦煤集团	企业	
2676	安徽商信信息技术有限公司	企业	
2677	福清市墨客文化传播有限公司	企业	
2678	世纪开元	企业	
2679	启明星辰福建分公司	企业	
2680	中共甘肃省委组织部	政府	
2681	甘肃车管所	政府	
2682	厦门小皮网络	互联网	
2683	到家美食会	互联网	
2684	蚌埠市人力资源和社会保障信息中心	高校	
2685	平安好房电子商务有限公司	电商	
2686	台州学院	高校	
2687	阜阳市人力资源和社会保障局	政府	
2688	山东理工大学	高校	
2689	河南省统计局	政府	
2690	上海萃思软件有限公司	互联网	
2691	上海师范大学天华学院	高校	
2692	中国石油大学	高校	
2693	西安电子科技大学信息化建设处	高校	
2694	广州海闻软件技术有限公司	企业	
2695	重庆广播电视大学继续教育学院	高校	
2696	合天智汇	企业	
2698	河南广播电视大学	高校	
2699	sdcms	互联网	
2700	河南师范大学新联学院	高校	
2702	河南省毕业生就业信息网	高校	
2703	万泉宝瑞中国	企业	
2704	北京信息科技大学	高校	
2705	光大证券	金融	
2706	理财范	金融	
2707	联动优势电子商务有限公司	电商	
2708	中国互联网络信息中心	政府	
2709	应用之星	企业	
2710	邯郸市居民卡服务中心	政府	
2711	成都市人民政府	政府	
2712	中电长城网际系统应用有限公司	企业	
2713	陕西省国税局	政府	
2714	济宁医学院附属医院	医药	
2715	青州党建网	政府	
2716	中国十九冶集团有限公司	企业	
2717	龙源内蒙古风电	企业	
2718	北京世纪中彩网络科技有限公司	企业	
2720	北大附中河南分校	高校	
2721	繁星优选	电商	
2722	北京沃丰时代数据科技有限公司	企业	
2723	中煤科工集团重庆研究院有限公司	企业	
2724	天弘基金管理有限公司	金融	
2725	浙江工业大学	高校	
2726	广东环球汽车用品	企业	
2727	中国保险行业协会	保险	
2728	河南师范大学	高校	
2729	山东省交通运输厅	政府	
2730	兰州交通大学教务系统	高校	
2731	中国电信MISAS_Lab	企业	
2732	北京航天四创软件技术有限责任公司	企业	
2733	北京农学院网络与信息中心	高校	
2734	中天人力	企业	
2735	拇指玩	企业	
2736	长江工程职业技术学院	高校	
2737	广东石油化工学院	高校	
2738	黄河科技学院	高校	
2739	广州春趣科技有限公司	企业	
2740	重庆易九金融服务有限公司	企业	
2741	四川夜来伴电子商务	企业	
2742	中国科学报社	媒体	
2743	百帆网络科技有限公司	企业	
2744	广西教育培训网	企业	
2745	广州春趣电子商务有限公司	企业	
2746	叫声网	企业	
2747	闽侯县教育局	高校	
2749	鄂尔多斯银行股份有限公司	金融	
2750	重庆澜鼎信息技术有限公司	企业	
2751	丽水职业技术学院	高校	
2752	融泰浩元网络科技有限公司	企业	
2753	宇通客车股份有限公司	企业	
2754	天津市残疾人联合会	政府	
2755	贵州都市网	媒体	
2756	中国基金会	金融	
2757	上海真兑互联网金融北京分公司	金融	
2759	东莞市三来司电子有限公司	企业	
2760	湖北千瑞文化信息有限公司	企业	
2761	杭州市住房保障和房产管理局	政府	
2762	新乡市人力资源和社会保障局	政府	
2763	上海米哈游网络股份有限公司	互联网	
2764	北京新网互联软件服务有限公司	互联网	
2765	早教网	互联网	
2767	深圳报业集团	媒体	
2768	e微贷	金融	
2769	北京世纪超星信息技术发展有限责任公司	互联网	
2770	顺丰商业	电商	
2771	北京超星尔雅教育科技有限公司	互联网	
2772	人人行科技有限公司	金融	
2774	亿恩科技	企业	
2775	重庆市水利局	政府	
2776	360doc	互联网	
2777	柳州市构利金融服务有限公司	金融	
2778	昆明市教师培训管理平台	互联网	
2779	江苏省卫生和计划生育委员会	政府	
2780	北京六智信息技术有限公司	企业	
2782	趣色网	电商	
2783	云南精展科技有限公司	电商	
2784	中国航空集团财务有限责任公司	金融	
2785	温州医科大学	高校	
2786	皖南医学院	高校	
2787	上海残联	政府	
2788	灵动快拍	企业	
2789	上海百脑汇在线信息科技有限公司	电商	
2790	蓝莓说	互联网	
2791	中安汇金科技有限公司	企业	
2792	中核集团	上市公司	
2793	顺丰速运	互联网	
2794	四川大学海外学院	高校	
2795	嘟嘟网络游戏服务网	电商	
2797	金立通信设备有限公司	电商	
2798	清远市财政局	政府	
2800	北京易车信息技术有限公司	政府	
2830	北京竹间科技有限公司	企业	
2831	泰安开创世纪信息技术有限公司	企业	
2832	北京极欧科技有限公司	企业	
2833	中国燃气控股有限公司	企业	
2834	上海裕乾金融信息服务有限公司	金融	
2835	积木盒子	金融	
2836	北京乐融多源信息技术有限公司	企业	
2837	中亿支付	金融	
2838	安徽省气象局	政府	
2839	中体彩科技发展有限公司	企业	
2840	天津金融资产交易所	金融	
2842	杭州蚯蚓网路科技有限公司	企业	
2844	国家质量监督检验检疫总局	政府	
2845	京佳教育	企业	
2846	新世界教育集团	企业	
2847	济宁医学院附属医院兖州院区	医药	
2848	复星保德信人寿保险有限公司	金融	
2849	四川电信	运营商	
2850	北京市卫生局	政府	
2852	新光海航人寿保险有限责任公司	金融	
2853	中国环境修复网	互联网	
2854	山西航天信息有限公司	企业	
2855	杭州建设网	政府	
2856	深圳市人人聚财金融信息服务有限公司	互联网	
2859	温州长庚耳鼻喉医院	医药	
2860	江苏省地方税务局	政府	
2862	杭州师范大学	高校	
2863	航天信息股份有限公司	航空航天	
2864	民生证券	金融	
2866	史带财产保险股份有限公司	企业	
2867	惠租车	企业	
2868	四川旅游学院	高校	
2870	北京清元优软科技有限公司	企业	
2871	深圳市聚橙网络技术有限公司	互联网	
2873	艾欧史密斯热水器有限公司	企业	
2874	汇付数据服务有限公司	互联网	
2875	苏宁环球	企业	
2876	安徽省质量技术监督局	政府	
2877	北京林业大学	高校	
2878	大学生小说网	互联网	
2879	新世界教育	企业	
2880	武汉大方汽车租赁有限公司	企业	
2881	北京市工商行政管理局	政府	
2882	展恒基金	金融	
2883	浙江小融网络科技股份有限公司	互联网	
2884	安徽古井贡酒股份有限公司	企业	
2885	湖州市教育局	互联网	
2886	深圳市众行天下技术有限公司	互联网	
2887	厦门市人力资源和社会保障局	政府	
2888	江苏车置宝信息科技有限公司	企业	
2889	福州东南妇幼医院	医药	
2890	北京亿心宜行汽车技术开发服务有限公司	企业	
2891	稳通金融	金融	
2894	南海网	媒体	
2895	北京思创银联科技股份有限公司	企业	
2897	北京华夏古泉网	互联网	
2900	北京北森云计算股份有限公司	企业	
2901	宁波奥克斯空调有限公司	企业	
2902	华汇人寿	保险	
2903	天翼视讯传媒有限公司	企业	
2904	浙江传媒学院	高校	
2905	江西至融软件有限公司	企业	
2906	广东省建设信息中心	政府	
2907	长安保险股份有限公司	金融	
2908	深圳齐心集团股份有限公司	企业	
2909	上海够快网络科技股份有限公司	企业	
2910	长沙市人力资源和社会保障局	政府	
2911	郑州铁路局	政府	
2912	安徽省财政厅	政府	
2913	宜信公司	企业	
2915	天津图书大厦	企业	
2918	手投网	金融	
2920	信泰人寿保险股份有限公司	金融	
2921	新东方	上市公司	
2922	安徽省烟草公司	企业	
2923	有闲钱理财	金融	
2924	环迅支付	金融	
2925	万表网	电商	
2926	安徽省教育厅信息中心	媒体	
2927	长沙创智和宇信息技术有限公司	企业	
2928	镇江市教育信息中心	高校	
2929	陕西省工商局	政府	
2930	湖南体彩网	企业	
2931	搜狐	企业	
2932	北京体彩	企业	
2933	中国保险信息技术管理有限责任公司	保险	
2934	广东开放大学	高校	
2935	慧博投研资讯	媒体	
2936	中国移动通信信息安全管理与运行中心	企业	
2937	700度保险网	金融	
2939	北京展恒基金销售股份有限公司	金融	
2940	上海市网络与信息安全应急管理事务中心	政府	
2941	大连医科大学中山学院	高校	
2942	浙江天正思维信息技术有限公司	企业	
2943	广州大学图书馆	高校	
2944	浙江省人力资源和社会保障厅	政府	
2945	北京九思协同软件有限公司	企业	
2946	长江证券股份有限公司	企业	
2947	广东体彩网	企业	
2948	齐家网	企业	
2949	重庆大学A区	高校	
2950	浙江省大学生网上就业市场	高校	
2951	窝窝折	企业	
2952	51job	互联网	
2953	广州市发展和改革委员会	政府	
2954	第四军医大学	高校	
2955	双汇	企业	
2956	道有道	企业	
2957	石家庄市社会保障卡服务中心	政府	
2959	山河网	企业	
2960	湘潭农商银行	银行	
2961	国家海洋标准计量中心	政府	
2962	大连海事大学	高校	
2963	国防科学技术大学	高校	
2964	辽宁师范大学	高校	
2965	号百商旅电子商务有限公司	企业	
2966	云南省教育厅	政府	
2967	通达OA	企业	
2968	南通市财政局	政府	
2969	湖南省教育厅	政府	
2970	湖南省教育厅信息中心	政府	
2971	湖南教育政务网	政府	
2972	华夏人寿保险股份有限公司	金融	
2973	中国铁塔股份有限公司	企业	
2974	浦银安盛	金融	
2976	润建通信股份有限公司	企业	
2977	马上消费金融股份有限公司	金融	
2978	辽宁省残疾人联合会信息中心	政府	
2979	楚楚街	电商	
2980	大连理工大学	高校	
2981	鲁泰纺织股份有限公司	企业	
2982	安徽省残疾人联合会	政府	
2983	中国证券投资基金业协会	金融	
2984	河南省农业厅	政府	
2986	鲁泰纺织	企业	
2987	CodeForge	互联网	
2988	珂兰商贸	企业	
2990	深圳信息职业技术学院	高校	
2991	嘉兴学院	高校	
2992	重庆市职业技能鉴定指导中心	企业	
2993	辽宁省教育厅	政府	
2994	福州大学	高校	
2996	苏州盈天地资讯科技有限公司	企业	
2997	北方工业大学	高校	
2998	内蒙古医科大学	高校	
2999	CERNET华东_北_地区网络中心	高校	
3000	上海碧海网络科技有限公司	企业	
3003	东南大学	高校	
3004	华南师范大学	高校	
3006	华中师范大学	高校	
3007	北京语言大学网络信息中心	高校	
3008	好收网	金融	
3009	广东工业大学	高校	
3010	北京理工大学	高校	
3011	井冈山大学	高校	
3012	青岛滨海学院	高校	
3013	广州市统计局	政府	
3014	北京外国语大学	高校	
3015	中国人民大学	高校	
3016	四川理工学院	高校	
3017	上海海事大学	高校	
3018	长安大学	高校	
3019	深圳职业技术学院	高校	
3020	西南交通大学	高校	
3021	南京师范大学	高校	
3023	上海对外经贸大学	高校	
3025	广东第二师范学院	高校	
3026	兴业基金	金融	
3027	大连职业技术学院	高校	
3028	宁夏大学	高校	
3029	华东理工大学	高校	
3030	北京化工大学研究生院	高校	
3031	广东省统计局	政府	
3032	天涯社区网络科技股份有限公司	互联网	
3033	海南在线	企业	
3034	奥凯航空	航天航空	
3035	中华人民共和国交通运输部	政府	
3037	上海理工大学	高校	
3038	去哪保	企业	
3039	西北工业大学	高校	
3041	中国地质大学武汉	高校	
3042	辽宁工业大学	高校	
3043	南京大学	高校	
3044	厦门大学嘉庚学院	高校	
3045	中央民族大学	高校	
3046	59互联	企业	
3047	海南省教育厅	政府	
3048	DarryRing	企业	
3049	中国电力建设集团有限公司	企业	
3050	安阳师范学院	高校	
3051	沈阳师范大学	高校	
3052	西安交通大学	高校	
3053	天津大学	高校	
3054	e袋洗	企业	
3055	张家港房产网	企业	
3056	爱之谷	企业	
3057	多点	企业	
3058	国都证券	金融	
3059	宁波市江东区教育局	政府	
3062	东阳市人力社保局	政府	
3063	天天快递有限公司	企业	
3064	内蒙古福瑞医疗科技股份有限公司	企业	
3065	如东县人力资源和社会保障局	政府	
3067	福建省交通信息通信中心	政府	
3068	深圳市交通运输委员会	政府	
3069	宁夏交通运输厅	政府	
3070	北京市交通委员会	政府	
3071	孩子王	企业	
3072	爱宠医生	企业	
3073	濉溪农商行	银行	
3074	交通运输部路网监测与应急处置中心	政府	
3075	江西省交通运输厅	政府	
3076	天诚安信	企业	
3077	湖北省交通运输厅通信信息中心	政府	
3078	四川省交通运输厅	政府	
3080	本来生活网	企业	
3081	厦门凯斯诺科技	企业	
3082	娃哈哈集团公司	企业	
3083	天津科技大学	高校	
3085	华南农业大学	高校	
3086	苏州大学	高校	
3087	中国医科大学	高校	
3088	租号玩	企业	
3089	重庆长安汽车股份有限公司	企业	
3090	易100	企业	
3091	酒仙网	企业	
3092	北京加双筷子科技有限公司	企业	
3093	北京一骑当千股份科技有限公司	企业	
3094	北京灵隆科技有限公司	企业	
3095	河南财政税务高等专科学校	高校	
3096	恒邦保险	金融	
3097	江苏省广电有线信息网络股份有限公司	企业	
3098	南通大学	高校	
3099	河北省交通运输厅	媒体	
3100	大连利客科技	企业	
3101	成都有范科技有限公司	企业	
3102	武汉维佳置业有限责任公司	企业	
3103	浙江维尔科技股份有限公司	企业	
3104	北京宝瑞通典当行有限责任公司	企业	
3105	上海烟草集团有限责任公司	企业	
3106	中国网络游戏服务网	互联网	
3107	山东高速	政府	
3108	吉林交通职业技术学院	高校	
3109	河南省招生办	高校	
3111	国美在线	企业	
3112	重庆长安铃木汽车有限公司	企业	
3113	Roobo	企业	
3115	深信服科技	企业	
3116	广东省信息中心	政府	
3117	广东万家乐燃气具有限公司	企业	
3118	电话邦	企业	
3119	江苏高速公路联网营运管理有限公司	企业	
3120	翼健康	企业	
3121	福建天棣互联信息科技有限公司	企业	
3122	格林豪泰酒店管理集团	企业	
3124	武汉体育学院	高校	
3125	北京长城电子商务有限公司	企业	
3126	沈阳微度科技有限公司	企业	
3127	安徽省人力资源和社会保障厅	政府	
3128	技成培训网	企业	
3130	甘肃成兴信息科技有限公司	企业	
3131	东北网	企业	
3132	信诚人寿保险有限公司	企业	
3133	湖南梦行科技有限公司	企业	
3135	美囤妈妈	互联网	
3136	上海市住房保障局	政府	
3137	湖州市统计局	政府	
3138	浙江省统计局	政府	
3139	Mao10CMS	企业	
3140	yershop	互联网	
3141	太平洋游戏网	企业	
3142	北京易普拉格科技股份有限公司	企业	
3143	东北证券股份有限公司	金融	
3144	弘成教育	企业	
3145	苏迪科技	企业	
3146	永安市人民政府办公室数字永安建设办公室	政府	
3147	四川海底捞餐饮股份有限公司	企业	
3149	淄博信息港	企业	
3150	易宝支付	企业	
3151	三明市卫生和计划生育委员会	政府	
3152	济南黄河河务局	政府	
3153	中华人民共和国水利部	政府	
3154	上海工程技术大学	高校	
3155	博思协创	企业	
3156	北京和信创天	企业	
3157	长安医院有限公司	企业	
3158	浙江吉利控股集团有限公司	企业	
3159	山大地纬	企业	
3161	南京易投贷金融信息服务有限公司	企业	
3162	河南基础教育资源公共服务云	高校	
3163	成都晨云信息技术有限责任公司	企业	
3164	清华大学经济管理学院	高校	
3165	北京壹号车科技有限公司	企业	
3166	e家洁	企业	
3167	池州万家金融服务有限公司	企业	
3168	华青融天技术股份有限公司	企业	
3169	国家统计局	政府	
3170	济宁市人力资源和社会保障局	政府	
3171	河北博才网	企业	
3172	甘肃省教育厅	高校	
3173	杭州滨兴科技有限公司	企业	
3174	中共上海市委党校	高校	
3175	广东信丰物流有限公司	企业	
3176	深圳市财易通互联网科技股份有限公司	企业	
3177	黑河市住房公积金管理中心	政府	
3179	酷讯网	企业	
3180	大连蒂艾斯科技发展有限公司	企业	
3181	西安音乐学院网络信息中心	高校	
3182	南通市住房保障和房产管理局	政府	
3183	衡水学院	高校	
3184	宝蓝财富科技有限公司	企业	
3185	嘉兴市住房公积金管理中心	政府	
3186	北京某个网络科技有限公司	企业	
3187	广西大学网络中心	高校	
3188	武汉纺织大学	高校	
3190	河南大学	高校	
3191	国家卫生计生委	政府	
3192	沈阳工业大学	高校	
3194	靖江政府	政府	
3195	上海财经大学	高校	
3197	四川省国家税务局	政府	
3198	湖南省公安厅人口与出入境管理局	政府	
3199	上海旅游高等专科学校	高校	
3200	东北电力大学	高校	
3201	河海大学文天学院	高校	
3202	微窗	企业	
3203	中国信息安全测评中心华中测评中心	政府	
3204	华北科技学院	高校	
3205	台州市教育局	高校	
3206	郑州大学体育学院	高校	
3207	Coding	企业	
3208	税友软件集团股份有限公司	企业	
3209	苏州工业园区公积金管理中心	政府	
3210	浙江网新恩普	企业	
3211	西安交通大学城市学院	高校	
3212	太原理工大学	高校	
3214	苏州工业园区劳动和社会保障局	政府	
3216	长春大学	高校	
3217	上海人寿保险股份有限公司	金融	
3219	中国远洋海运集团有限公司	企业	
3221	上海市宝山区人民政府	政府	
3222	武汉市江夏区人民政府	政府	
3223	威海人社局	政府	
3224	济南市疾病预防控制中心	政府	
3225	95omno	企业	
3226	中粮我买网	企业	
3227	东营市人力资源和社会保障局	政府	
3228	滨州市人力资源和社会保障局	政府	
3230	济南银座美居装饰	企业	
3231	天津四方同力科技发展有限公司	企业	
3232	浙江金融职业学院	高校	
3233	沈阳建筑大学	高校	
3234	文华学院	高校	
3236	上海市嘉定区卫生信息中心	政府	
3237	广州九尾信息科技有限公司	互联网	
3238	咪咕文化科技有限公司	企业	
3239	富德生命人寿	金融	
3241	易行天下	企业	
3242	广州世安信息技术有限公司	企业	
3243	深圳市分期乐网络科技有限公司	金融	
3244	福建省立医院	医药	
3245	美菜网	企业	
3246	湖北城市建设职业技术学院	高校	
3247	点点搜财	金融	
3249	安信期货	金融	
3250	北京大学	高校	
3251	吉林广播电视大学	高校	
3252	北华大学	高校	
3253	北京飞凡士科技有限公司	企业	
3254	大连联达科技有限公司	企业	
3255	江西中医药大学	高校	
3256	新疆教育厅	高校	
3257	北京陌陌科技有限公司	互联网	
3258	宝盈基金管理有限公司	金融	
3259	长春工程学院	高校	
3260	龙岩市人社局	政府	
3261	黑龙江省教育厅	政府	
3262	航运导航网	企业	
3264	安徽卫生厅	政府	
3265	上海大学	高校	
3267	福州广播电视台	企业	
3268	台州人才网有限公司	企业	
3269	北京同城翼龙网络科技有限公司	企业	
3270	申万宏源证券有限公司	金融	
3271	国信证券股份有限公司	企业	
3272	北京无限讯奇信息技术有限公司	企业	
3273	招联消费金融有限公司	企业	
3274	上海聚擎信息科技有限公司	企业	
3275	安徽省食品药品监督管理局	政府	
3276	安徽电子信息职业技术学院	高校	
3277	上海市民信箱信息服务有限公司	政府	
3278	陕西省教育厅	政府	
3279	易联众	企业	
3280	河源市源城区教育信息网	高校	
3281	长沙市疾病预防控制中心	政府	
3282	财达证券	企业	
3284	简途旅行	企业	
3285	凯立德科技股份有限公司	企业	
3286	环境保护部	媒体	
3288	长沙疾控中心	政府	
3291	杭州市疾病预防控制中心	政府	
3292	美缘网	企业	
3293	中国荆门政府网站	政府	
3294	上海司法局	政府	
3295	北京金万维科技有限公司	企业	
3296	青岛远洋船员职业学院	高校	
3297	广州海关	政府	
3298	上海海事局	政府	
3299	东北财经大学	-1	
3300	北京鼎源科技有限公司	企业	
3301	中国移动河北分公司	企业	
3302	北京今目标科技有限公司	企业	
3303	南方银谷科技有限公司	企业	
3304	安华农业保险股份有限公司	金融	
3305	宁波市疾病预防控制中心	政府	
3306	老百姓大药房连锁股份有限公司	企业	
3307	农信银资金清算中心	金融	
3308	河南城建大学	高校	
3309	北京安华金和科技有限公司	企业	
3311	珠海市统计局	政府	
3312	人民日报社	媒体	
3313	杭州银行	银行	
3314	福建省农村信用社联合社	金融	
3315	重庆医科大学	高校	
3316	上海甲鼎信息技术有限公司	企业	
3317	中鼎集团	企业	
3318	重庆市旅游局	企业	
3319	百利天下教育集团	企业	
3320	青岛盛世闽商信息技术服务有限公司	企业	
3321	首汽约车	企业	
3322	北京傲游天下科技有限公司	企业	
3323	财讯传媒集团	企业	
3324	永辉微店	企业	
3325	辽工大要饭网	企业	
3326	幸福人寿保险股份有限公司	企业	
3327	利安人寿保险股份有限公司	企业	
3328	四川久远银海软件股份有限公司	企业	
3329	上海盈灿投资管理股份有限公司	互联网	
3330	国家核电技术公司	政府	
3331	北京和创未来网络科技有限公司	企业	
3332	深圳市车音网科技有限公司	企业	
3334	辣妈帮	互联网	
3335	财政部	政府	
3336	老百姓大药房连锁有限公司	互联网	
3337	杭州富聊	企业	
3338	壹壹租车	互联网	
3339	齐鲁银行	银行	
3340	新昌县教育体育局	政府	
3341	千里马人才网	企业	
3343	北京优朋普乐科技有限公司	企业	
3344	成都中医药大学附属医院	医药	
3345	上海壹佰米网络科技有限公司	企业	
3346	工信部信息中心	政府	
3347	中国证券业协会	金融	
3348	iWebShop	企业	
3349	宁波市人力资源和社会保障局	政府	
3350	掌游天下北京信息技术股份股份有限公司	企业	
3351	北京茶联科技股份有限公司	互联网	
3353	重庆妇女网	企业	
3354	深圳市天亿宽通信有限公司	企业	
3355	辽宁省财政厅	政府	
3356	江西财经大学网络信息管理中心	高校	
3357	山东立晨数据股份有限公司	企业	
3358	上海质监局	政府	
3359	普云软件	企业	
3360	人人快递	企业	
3361	珠峰财产保险股份有限公司	金融	
3362	浙江省发改委	政府	
3363	新沃基金	企业	
3364	上海东方网股份有限公司	企业	
3365	国家广电总局广播电视卫星直播管理中心	政府	
3366	北京控股集团有限公司	企业	
3367	中汇电子支付有限公司	金融	
3368	武汉市金石为开网络科技有限公司	互联网	
3369	乾能投资管理有限公司	金融	
3370	深圳市房多多网络科技有限公司	企业	
3371	温州市教育局	政府	
3372	浙江电信	运营商	
3373	安信国际	金融	
3374	新疆维吾尔自治区道路运输管理局	政府	
3375	重庆市银行业协会	银行	
3376	北京工业大学	高校	
3377	晋城银行	银行	
3378	新疆农业职业技术学院	高校	
3379	四川师范大学	高校	
3380	成都信息工程大学信息中心	高校	
3381	成都墨墨教育科技有限公司	企业	
3382	汇中财富公司	企业	
3383	衡阳市住房公积金管理中心	政府	
3384	渤海证券股份有限公司	企业	
3385	辽宁建筑职业学院	高校	
3386	中山火炬职业技术学院	高校	
3387	前海人寿保险股份有限公司	保险	
3388	河南省疾病预防控制中心	政府	
3389	安信基金管理有限责任公司	金融	
3390	中国烟草总公司福建省公司	企业	
3391	杭州惠卡科技有限公司	企业	
3393	大商天狗网	企业	
3394	喜购网	企业	
3395	温州银行	银行	
3396	无锡中卫信科技发展有限公司	企业	
3397	明源云	企业	
3398	科沃斯机器人有限公司	企业	
3399	重庆海外旅业旅行社集团有限公司	企业	
3400	招商局集团有限公司	政府	
3401	四川航空股份有限公司	企业	
3402	北京农商银行	企业	
3403	晋州市旺尔兴建材厂	企业	
3404	威海房地产网	企业	
3405	好享购物	企业	
3406	信达财险	保险	
3407	佳木斯市住房公积金管理中心	政府	
3408	内蒙古银行	银行	
3409	北京工业职业技术学院	高校	
3410	天润粮油	企业	
3411	渤海银行	金融	
3412	信和财富	金融	
3414	广东省人事考试局	政府	
3415	湖北第二师范学院	高校	
3417	国家开发银行	银行	
3418	江苏省统计局	政府	
3419	中国移动通信集团内蒙古有限公司	运营商	
3422	福建出入境检验检疫局	政府	
3423	飞流	企业	
3424	河南工程学院	高校	
3426	长虹集团	企业	
3427	上海柯力士信息安全技术有限公司	企业	
3428	温州大学	高校	
3429	武汉市卫生局	政府	
3431	南京市市民卡有限公司	企业	
3432	奇瑞徽银汽车金融股份有限公司	企业	
3433	桐庐华数数字电视有限公司	媒体	
3434	云阳县人民政府办公室	政府	
3435	0214鲜花网	企业	
3436	普惠金融	企业	
3437	云商未来	企业	
3438	北京同方软件股份有限公司	企业	
3439	江阴市统计局	政府	
3440	南京市统计局	政府	
3441	天安财险	金融	
3442	永康市环境保护局	政府	
3443	太极计算机股份有限公司	企业	
3445	河南省环境保护厅	政府	
3446	国泰君安投资管理股份有限公司	金融	
3447	深圳壹付网科技有限公司	金融	
3448	享无线	企业	
3449	福建省统计局	政府	
3450	福建中医药大学	高校	
3451	商丘市直机关工作委员会	政府	
3452	淮南联合大学	高校	
3454	北京精友时代信息技术有限公司	企业	
3455	易之云科技有限公司	企业	
3456	火牛网	企业	
3458	山东科技大学网络与信息中心	高校	
3459	中国电信西藏公司	企业	
3461	成都中医药大学	企业	
3462	滁州市人力资源和社会保障局	企业	
3463	新视听网站	企业	
3464	中移电子商务有限公司	企业	
3465	深圳市万维网信息技术有限公司	企业	
3466	深圳中业兴融互联网金融服务有限公司	企业	
3467	北京智慧眼科技股份有限公司	企业	
3468	上海市第十人民医院	企业	
3469	重庆天畅远业科技有限公司	企业	
3470	黑龙江飞鹤乳业有限公司	企业	
3471	恒安标准人寿保险有限公司	企业	
3472	众诚汽车保险股份有限公司	企业	
3473	商银信	企业	
3474	安徽省交通控股集团有限公司	企业	
3477	金华市公安局	政府	
3478	三门峡天云网络技术服务有限公司	企业	
3479	四川思天下网络技术有限公司	企业	
3480	海峡金桥财产保险股份有限公司	企业	
3481	上海别样红信息技术有限公司	企业	
3482	上汽通用五菱汽车股份有限公司	企业	
3483	秀山网	互联网	
3484	中国扶贫基金会	企业	
3485	好印网	企业	
3486	金华市统计局	政府	
3487	内蒙古蒙牛乳业集团股份有限公司	企业	
3488	北京保险行业协会	企业	
3489	浙江省农村信用社联合社	企业	
3490	国家能源局山东监管办	政府	
3491	汇桔联瑞	企业	
3492	美讯科技	企业	
3493	北京华医网科技股份有限公司	企业	
3494	中智财务咨询有限公司	企业	
3495	工银瑞信基金管理有限公司	企业	
3496	北京六间房科技有限公司	企业	
3498	上海卫计委	政府	
3499	国家能源局山东监管办公室	政府	
3500	北京中车宝联科技有限责任公司	企业	
3501	江淮汽车股份有限公司	企业	
3502	中共重庆市委党校	政府	
3503	东方证券资产管理有限公司	企业	
3504	中央财经大学网络中心	高校	
3505	江苏省电化教育馆	高校	
3506	东方证券股份有限公司	企业	
3507	上海市人社局信息中心	企业	
3508	舞钢市卫生局	政府	
3510	成都会当网络科技有限公司	企业	
3511	杭州泉水金融信息服务有限公司	企业	
3513	PPTV	企业	
3515	泉州市旅游局	政府	
3516	上海市同济医院	医药	
3518	人人信用管理有限公司	企业	
3519	宝盒子科技	企业	
3520	北京首都航空有限公司	企业	
3521	山东国晟中融宝信息技术有限公司	企业	
3522	合川人才网	企业	
3523	深圳市宝安区建设局	政府	
3524	广州交通信息化建设投资营运有限公司	企业	
3525	上海市工业综合开发区有限公司	企业	
3526	恒大地产集团有限公司	企业	
3527	深圳市宝安区人民法院	政府	
3528	深圳卫盈智信科技有限公司	互联网	
3529	上海市中西医结合医院	企业	
3530	9秀	企业	
3531	北京派网软件有限公司	企业	
3532	汇博人才网	企业	
3533	广州银行	企业	
3534	石家庄住建	政府	
3536	北京新空气网络科技股份有限公司	企业	
3537	美乐乐	企业	
3538	兄弟连	企业	
3539	中国工商银行数据中心	银行	
3540	徐州工程学院信息化中心	高校	
3541	甘肃银行股份有限公司	银行	
3542	上海一起作业信息科技有限公司	企业	
3543	北京百旺金赋科技有限公司	企业	
3544	杭州销冠科技有限公司	企业	
3546	映客	企业	
3547	ETCP停车	企业	
3548	宁波灵峰和教育	企业	
3549	中国金融认证中心有限公司	政府	
3550	广东技术师范学院	高校	
3551	新华世纪电子商务有限公司	企业	
3552	金鹰基金管理有限公司	金融	
3553	浙江汇信科技有限公司	企业	
3554	宁波和教育	企业	
3555	大庆英辰创新科技有限公司	企业	
3556	农银人寿保险股份有限公司	金融	
3557	海门农村商业银行	金融	
3558	中邮创业基金管理股份有限公司	企业	
3559	深圳鑫科国际商业保理有限公司	企业	
3560	重庆市国土资源和房屋管理局	政府	
3561	东莞市翔锋装饰有限公司	企业	
3562	江苏淮海农村商业银行	银行	
3563	深圳随手科技有限公司	企业	
3564	宁波通商银行	金融	
3565	浙江一鸣食品股份有限公司	企业	
3566	都邦财产保险股份有限公司	企业	
3567	安徽省住建厅	政府	
3568	上海徐汇区政府	政府	
3569	报喜鸟集团有限公司	企业	
3570	上海蝴蝶互动信息技术有限公司	企业	
3571	杭州下城区信息中心	政府	
3572	阜新银行	金融	
3573	杭州市卫生和计划生育委员会	政府	
3574	和创	企业	
3575	济南市民政局	政府	
3576	萌乐网	互联网	
3577	西充农商银行	金融	
3578	广州华鸿网络科技有限公司	企业	
3579	厦门醉品春秋网络科技有限公司	互联网	
3580	江苏银科金典信息技术股份有限公司	企业	
3582	重庆赛海	企业	
3583	科技部	政府	
3584	百团军事网	企业	
3585	教育人生网	企业	
3586	沈阳市就业和人才服务局	企业	
3587	甘肃万维信息技术有限责任公司	企业	
3588	慈铭集团	企业	
3589	长沙市科技信息研究所	政府	
3590	北京教育网络和信息中心	政府	
3591	湖南省交通运输厅	政府	
3592	重庆市高级人民法院	政府	
3593	河南航天金穗电子有限公司	企业	
3594	广元市科技知识产权局	政府	
3595	宁波市鄞州高级中学	高校	
3596	沧州市政府	政府	
3597	上海市精神卫生中心	医药	
3598	杭州市顺网科技股份有限公司	企业	
3599	广州合骏信息科技有限公司	企业	
3600	山东省卫生厅	政府	
3601	如东县人民政府	政府	
3602	安徽省科学技术情报研究所	企业	
3603	淮南市公积金	政府	
3604	好乐买	企业	
3605	富途证券	企业	
3606	浙江招天下招投标交易平台有限公司	企业	
3607	嘉实基金管理有限公司	金融	
3608	山东省疾病预防控制中心	医药	
3609	日本财产保险中国有限公司	保险	
3610	西安电信	企业	
3612	青岛凯诺网络科技有限公司	企业	
3613	上海市疾病预防控制中心	政府	
3614	辽宁工程技术大学	高校	
3615	上海市第一妇婴保健院	企业	
3616	瑞安市人力资源和社会保障局	企业	
3617	宁国菜鸟电子商务有限公司	企业	
3618	瑞安市社保局	政府	
3619	杭州市下城区政府信息处理中心	政府	
3620	巴东县新闻中心	企业	
3621	中国矿业大学	高校	
3622	校无忧	企业	
3623	甘肃省人民政府办公厅	政府	
3624	镇江人才在线	企业	
3625	重庆三峡银行股份有限公司	金融	
3626	黄冈师范学院	高校	
3627	河南省职业教育与成人教育网	企业	
3628	中国科技网	企业	
3629	一号店	互联网	
3630	北京信安世纪科技有限公司	企业	
3631	浙江省住房和城乡建设厅	政府	
3632	青莲云	企业	
3633	中远散货运输有限公司	企业	
3634	潮光科技	企业	
3635	国家科技基础条件平台	政府	
3636	辽宁省政府	政府	
3638	中软广西办事处	企业	
3639	浙江省人民政府	政府	
3641	广东外语外贸大学	高校	
3642	北京联拓天际电子商务有限公司	企业	
3643	泛华企业集团	企业	
3644	中国数字科技馆	企业	
3645	重庆食品药品监督管理局	政府	
3646	宁波港股份有限公司	企业	
3647	海门市人民政府法制办公室	政府	
3648	成都透客科技有限公司	企业	
3649	太原市房地产信息中心	企业	
3650	深圳烟草工业有限责任公司	企业	
3651	山东协和	高校	
3652	北京思享聚合科技有限公司	企业	
3653	深圳市前海泰丰融通金融服务有限公司	企业	
3654	青岛有住信息技术有限公司	企业	
3655	陕西省科学技术厅	政府	
3656	江西省人力资源和社会保障厅	政府	
3657	北京交通大学海滨学院	高校	
3659	新疆广电网络股份有限公司	企业	
3660	浙商财产保险股份有限公司	企业	
3661	网龙	企业	
3662	金融界	企业	
3663	天风证券股份有限公司	金融	
3664	山东协和学院	高校	
3665	章丘政府办公室	企业	
3666	重庆市第三人民医院	医药	
3667	韶关移动	运营商	
3668	浙江公共安全技术研究院有限公司	政府	
3669	E车E站	企业	
3670	歌尔股份有限公司	企业	
3671	海南正邦信息科技有限公司	IT信息技术	
3672	百联集团	生活服务	
3673	传化公路港物流有限公司	交通运输	
3674	皖北煤电集团有限责任公司	能源	
3675	中国联合网络通信有限公司上海市分公司	运营商	
3678	连连银通电子支付有限公司	金融	
3679	山东电力建设第一工程公司	能源	
3680	鬼工科技	IT信息技术	
3681	中国移动通信集团广西公司	电信运营商	
3683	海南省旅游发展委员会	政府部门	
3684	章丘市政府信息中心	政府部门	
3685	华大基因	医疗卫生	
3686	成都东软学院	高校	
3687	光彩玖玖湖北金融服务股份有限公司	金融	
3688	九江银行	金融	
3689	北京创富天下网络技术有限公司	互联网	
3690	玖富	金融	
3691	点佰趣信息科技有限公司	互联网	
3692	上海东证期货有限公司	金融	
3693	青岛港湾职业技术学院	高校	
3694	北京我知科技有限公司	互联网	
3695	上海即富信息技术服务有限公司	金融	
3696	耳朵音乐	互联网	
3697	赣州银行	金融	
3698	国电大渡河流域水电开发有限公司	能源	
3699	方正宽带	电信运营商	
3700	叮当快药	医疗卫生	
3702	池州市住房公积金管理中心	政府部门	
3703	长城汽车	工业制造	
3704	广东泓生购百货有限责任公司	互联网	
3705	上海证大喜马拉雅网络科技有限公司	互联网	
3706	永安财产保险股份有限公司	金融	
3707	北京五八信息技术有限公司	互联网	
3708	重庆建筑工程职业学院	教育培训	
3709	康盛Discuz	互联网	
3710	中原网	媒体	
3711	太原市社区服务中心	公用事业/服务	
3713	酷我音乐	互联网	
3714	深圳公安局	公检法	
3715	自由策划	其他	
3716	上海财华保网络科技有限公司	IT信息技术	
3717	深圳市云软信息技术有限公司	IT信息技术	
3719	My0511	互联网	
3721	安徽省旅游局	政府部门	
3722	新疆电信网上营业厅	电信运营商	
3723	奉贤区古华中学	教育培训	
3724	人人凑	互联网	
3725	徐州人社局信息中心	政府部门	
3726	湖南铁道职业技术学院	教育培训	
3727	北京世纪好未来教育科技有限公司	教育培训	
3728	上海诺宝网络科技有限公司	IT信息技术	
3729	上海万户网络技术有限公司	IT信息技术	
3730	深圳触云科技有限公司	IT信息技术	
3731	福建省学生资助管理中心	政府部门	
3732	扬州方糖网络科技有限公司	互联网	
3733	郑州易方科贸有限公司	IT信息技术	
3734	河北新闻网	媒体	
3735	上海交通大学医学院附属同仁医院	教育培训	
3736	湖北中医药高等专科学校	教育培训	
3737	45游戏中心	互联网	
3738	VIPKID	教育培训	
3739	旗胜站长网	互联网	
3740	深圳市宏福圣货运代理有限公司	交通运输	
3741	淄博市临淄区人力资源和社会保障局	政府部门	
3742	北京电影学院	高校	
3743	上海瀚银信息技术有限公司	金融	
3744	中国节能环保集团公司	能源	
3745	长江大学工程技术学院	教育培训	
3746	贝贝	其他	
3747	山西省化工设计院	科研机构	
3748	中国教师教育网	教育培训	
3749	百世汇通	交通运输	
3750	成都思维世纪科技有限责任公司	IT信息技术	
3752	兴业银行股份	银行	
3753	湖南省公安厅	政府	
3754	武汉网睿科技有限公司	互联网	
3755	宁波市北仑区委区政府电子政务办	政府部门	
3757	广州协众软件科技有限公司	IT信息技术	
3758	上海市肿瘤研究所	医疗卫生	
3759	北京世纪金政信息技术股份有限公司	IT信息技术	
3760	悟空理财	金融	
3761	西安科技大学	教育培训	
3762	HadSky	互联网	
3763	中信建投证券股份有限公司	金融	
3765	南昌市青山湖区网络信息中心	公用事业/服务	
3766	秦楚网	媒体	
3767	复旦大学附属肿瘤医院	教育培训	
3768	速贷100	金融	
3769	哔哩哔哩弹幕网	互联网	
3770	铁血网	媒体	
3771	铁血君品行	互联网	
3772	广东省麦田教育基金会	教育培训	
3773	爱黑武	互联网	
3774	豆瓣网	互联网	
3776	武威职业学院	教育培训	
3777	安徽省烟草专卖局	政府部门	
3778	要出发	互联网	
3779	华商街	互联网	
3780	米内网	医疗卫生	
3782	北京市志愿服务指导中心	公用事业/服务	
3783	上海浦东发展银行	金融	
3784	闵行区卫计委	政府部门	
3785	爱空间	生活服务	
3786	互动峰科技北京有限公司	IT信息技术	
3787	东莞证券股份有限公司	金融	
3788	江苏名通	互联网	
3789	比克尔	互联网	
3790	中国移动通信集团上海有限公司	电信运营商	
3791	小牛学堂	教育培训	
3793	广州多益网络股份有限公司	IT信息技术	
3795	济南市食品药品管理	政府	
3796	深圳市云商汇电子商务有限公司	IT信息技术	
3797	浙江喵歌科技有限公司	IT信息技术	
3798	深圳彼爱钻石有限公司	生活服务	
3799	厦门好慷在家	生活服务	
3800	重庆文理学院	教育培训	
3801	西安石油大学	高校	
3802	运维生存时间	互联网	
3803	便宜玩	互联网	
3804	杭州懒人网络科技有限公司	金融	
3805	色影无忌	互联网	
3806	北京三好互动教育科技有限公司	IT信息技术	
3807	通山政务网	政府部门	
3808	北京泥巴网络	互联网	
3809	浙江外国语学院	教育培训	
3810	七田阳光全脑教育	教育培训	
3811	厦门有友信息技术有限公司	互联网	
3812	夏那一舞资源	生活服务	
3813	驱动之家	IT信息技术	
3814	威海健源信息技术有限公司	其他	
3815	司库金服	金融	
3816	浙江新蓝网络传媒有限公司	媒体	
3817	广州御宅网络科技有限公司	互联网	
3818	梅州客家科技有限公司	金融	
3820	人民教育出版社	媒体	
3821	365淘房	生活服务	
3822	妆点网络科技有限公司	生活服务	
3823	国家烟草专卖局_old	-1	
3824	全时云商务服务股份有限公司	电信运营商	
3825	京华论坛	互联网	
3826	淮南朝阳房产网	生活服务	
3827	嘉和数码	互联网	
3828	百融金服	金融	
3829	华东交通大学理工学院	教育培训	
3830	智者四海技术有限公司	IT信息技术	
3831	贵州师范大学	教育培训	
3833	广州电子政务服务中心	公用事业/服务	
3834	厦门酷启人才服务有限公司	医疗卫生	
3836	天互数据	IT信息技术	
3837	成都西维数码科技有限公司	IT信息技术	
3838	联奕科技股份有限公司	IT信息技术	
3839	回购网	互联网	
3840	广西人才网	公用事业/服务	
3841	浙江省工商局	政府部门	
3842	正好网络科技湖北有限公司	互联网	
3843	杭州当贝网络科技有限公司	互联网	
3844	i春秋学院	教育培训	
3845	剑圣网络科技有限公司	互联网	
3846	连云港住房公积金管理中心	政府部门	
3847	火狐	互联网	
3848	西南大学网络与继续教育学院网	教育培训	
3849	南京小蜜蜂网络科技有限公司	IT信息技术	
3850	2345贷款王	金融	
3851	青岛银行	金融	
3852	锦江之星旅馆有限公司	生活服务	
3853	西华大学	教育培训	
3854	李锦记健康产品集团	医疗卫生	
3855	罗湖现代教育技术发展中心	教育培训	
3856	装乐宝	食品和农业	
3858	酒庄惠	食品和农业	
3859	北汽福田汽车股份有限公司	工业制造	
3860	80秀	生活服务	
3861	东北师范	教育培训	
3862	广州奕报告信息科技有限公司	互联网	
3863	重庆正培科技有限公司	IT信息技术	
3864	南岳区人民政府	政府部门	
3866	8684公交	交通运输	
3867	微祥云	互联网	
3868	上海创蓝文化传播有限公司	IT信息技术	
3870	萍乡市城事网络传媒有限公司	IT信息技术	
3872	优购科技有限公司	IT信息技术	
3873	郑州建辉软件开发有限公司	IT信息技术	
3876	北京宽客网络技术有限公司	IT信息技术	
3877	丹阳市人力资和社会保障局	政府部门	
3878	Vbrook Inc	互联网	
3880	国政通科技股份有限公司	IT信息技术	
3881	腾邦国际	生活服务	
3883	西安天互通信有限公司	IT信息技术	
3884	飞客茶馆	互联网	
3885	中国科学技术大学	教育培训	
3886	快手	互联网	
3888	李合超	互联网	
3889	国泰基金管理有限公司	金融	
3890	成都云联峰创科技有限公司	IT信息技术	
3891	广州电子口岸	政府部门	
3892	大连工业大学	教育培训	
3893	泰州职业技术学院	教育培训	
3894	大连工业大学网络信息中心	教育培训	
3895	中山市中山网传媒有限公司	媒体	
3898	广东华兴银行	金融	
3899	交通银行股份有限公司	金融	
3900	北京趣玩互动信息技术有限公司	IT信息技术	
3901	达美国际	互联网	
3902	吉林化工学院	教育培训	
3903	北京普天太力通信科技有限公司	电信运营商	
3904	广州地铁集团有限公司	交通运输	
3905	上海易慕网络科技有限公司	IT信息技术	
3906	友乐活北京网络科技有限公司	IT信息技术	
3907	江西生物科技职业学院	教育培训	
3908	岳西县人社局	政府部门	
3909	上海交通大学医学院附属瑞金医院	教育培训	
3911	云南白药集团中药资源有限公司	医疗卫生	
3912	深圳市一览网络股份有限公司	互联网	
3913	cnBeta	媒体	
3914	铂涛集团	生活服务	
3915	安徽网新科技有限公司	IT信息技术	
3916	深圳市百米生活有限公司	IT信息技术	
3918	广州大一互联网络科技有限公司	IT信息技术	
3919	7天连锁酒店集团	生活服务	
3920	火猫直播	互联网	
3921	91淘课网	教育培训	
3922	汕尾移动	电信运营商	
3923	河北燕达医院	医疗卫生	
3924	深圳市恒路物流中心	交通运输	
3925	安全管理网	互联网	
3927	华军软件园	互联网	
3928	众泰汽车	工业制造	
3929	沈阳工学院	教育培训	
3931	画乡网	公用事业/服务	
3932	尊贷	金融	
3933	万达智源	IT信息技术	
3934	杉德支付网络	金融	
3935	北京导医网科技有限公司	医疗卫生	
3936	上海助医网	医疗卫生	
3937	华商网	媒体	
3939	万家热线	生活服务	
3940	爱豆网络	IT信息技术	
3941	西湖区教育信息与装备中心	教育培训	
3942	记者联盟网	媒体	
3944	济南市旅游公共服务中心	政府部门	
3945	北京掌趣科技股份有限公司	IT信息技术	
3946	新智泛能网络科技有限公司	IT信息技术	
3947	上海朝阳永续信息技术股份有限公司	IT信息技术	
3948	湖南工程学院	教育培训	
3949	上海北岸信息技术有限公司	IT信息技术	
3950	上海梅斯医药科技有限公司	医疗卫生	
3951	上海春谷生物医药科技有限公司	医疗卫生	
3952	青岛积成电子有限公司	IT信息技术	
3953	网趣商城	互联网	
3954	潮州市潮安区住房和城乡建设局	政府部门	
3955	绿盾征信北京有限公司	IT信息技术	
3956	广州立白企业集团	生活服务	
3957	北京中影国际影城	生活服务	
3958	会唐世纪科技有限公司	生活服务	
3959	深圳市财政委员会	政府部门	
3960	天安人寿保险股份有限公司	金融	
3961	商盟商务服务有限公司	金融	
3962	创别书城	教育培训	
3963	扬中人才网	互联网	
3964	塘厦镇文化广播电视服务中心	媒体	
3966	成都全搜索科技有限责任公司	IT信息技术	
3967	世纪文都教育科技集团股份有限公司	教育培训	
3968	北京德法智诚信息科技有限公司	电商	
3969	星网锐捷	IT信息技术	
3970	世纪鼎利	IT信息技术	
3971	中原农业保险股份有限公司	金融	
3972	北京动向体育发展有限公司	批发零售	
3973	广东省农业科学院	教育培训	
3974	dopool	互联网	
3975	中铁第五勘察设计院集团有限公司	工程建设	
3976	北京中房智业管理咨询有限公司	其他	
3977	湖南大学	教育培训	
3978	北京森馥科技股份有限公司	互联网	
3979	通威	批发零售	
3980	安徽萝卜网络技术有限公司	IT信息技术	
3981	易欢游	互联网	
3983	北京会唐世纪科技有限公司	生活服务	
3984	YY歌手网	互联网	
3985	万家基金管理有限公司	金融	
3986	重庆鸿巨网络科技有限公司	IT信息技术	
3987	重庆市教育信息技术与装备中心	教育培训	
3988	淄博宽正数码网络科技有限公司	IT信息技术	
3989	国投瑞银基金管理有限公司	金融	
3990	北京墨迹风云科技股份有限公司	IT信息技术	
3991	街旁	互联网	
3992	惠州市华一网络有限公司	生活服务	
3993	海口禹讯信息技术有限公司	IT信息技术	
3994	浙江诚泽金开投资管理有限公司	金融	
3995	天津三亿软件开发优先公司	IT信息技术	
3996	北京丽贝亚建筑装饰工程有限公司	工程建设	
3997	EETOP	互联网	
3998	深圳市成为信息技术有限公司	互联网	
3999	北京骑摆客科技发展有限公司	IT信息技术	
4000	浙江金观诚财富管理有限公司	金融	
4001	山东商务职业学院	教育培训	
4003	清远市人力资源和社会保障局	政府部门	
4004	中央美术学院	教育培训	
4005	广西玉林旗帜网络科技有限公司	电信运营商	
4006	山西云购电子商务有限公司	互联网	
4007	纸金网	金融	
4008	评美帮	医疗卫生	
4009	首播影视	互联网	
4010	三联生活周刊	媒体	
4011	青岛七彩时尚电子商务有限公司	生活服务	
4012	广东正全科技股份有限公司	IT信息技术	
4013	猎豹移动	互联网	
4014	北京五八汽车科技股份有限公司	互联网	
4015	宁波大红鹰学院	教育培训	
4016	中细软移动互联科技有限公司	互联网	
4017	北京海科融通支付服务股份有限公司	金融	
4018	网上车市	互联网	
4019	杭州互强科技有限公司	IT信息技术	
4020	白求恩国际和平医院	医疗卫生	
4021	北京美云集网络科技有限责任公司	IT信息技术	
4023	中国华电集团公司	能源	
4024	上海怡陆计算机技术有限公司	IT信息技术	
4025	星启天网络	互联网	
4026	北京岁月桔子科技有限公司	IT信息技术	
4027	临安天玑计算机网络有限公司	IT信息技术	
4029	芜湖职业技术学院	高校	
4030	广州市玄武无线科技股份有限公司	IT信息技术	
4031	上海汉威信恒展览有限公司	生活服务	
4032	嗨皮网络科技股份有限公司	互联网	
4033	华电集团公司	能源	
4034	今麦郎	食品和农业	
4035	北京首钢建设集团有限公司	工程建设	
4036	江苏省人民医院	医疗卫生	
4037	爱你手游	互联网	
4038	深圳市互盟科技股份有限公司	IT信息技术	
4039	水母网	媒体	
4040	武汉市幸运坐标信息技术有限公司	IT信息技术	
4041	苏州思必驰信息科技有限公司	IT信息技术	
4042	成都用我在线科技发展有限公司	其他	
4043	中远海运集装箱运输有限公司	交通运输	
4044	三农网	食品和农业	
4045	中民保险	金融	
4046	第四城社区	互联网	
4047	北京全聘致信人力资源服务有限公司	互联网	
4048	车讯互联	IT信息技术	
4049	荆州市财政局	政府部门	
4050	湖北大学	教育培训	
4051	苏红网	互联网	
4053	黑龙江省垦区工商行政管理局	政府部门	
4054	深圳市人才交流服务中心有限公司	IT信息技术	
4055	优信	互联网	
4056	山东大学威海	教育培训	
4057	深圳天祥质量技术服务有限公司	制造业	
4058	北京魔方国际旅行社有限公司	生活服务	
4059	吉安市人力资源和社会保障局	政府部门	
4060	银联商务	金融	
4061	杭州博采网络科技股份有限公司	IT信息技术	
4062	上海心意答融讯电子股份有限公司	互联网	
4063	北京万企科技有限公司	IT信息技术	
4064	迪元素科技有限公司	IT信息技术	
4065	汇元网	金融	
4066	威勃庞尔	其他	
4067	老歌mp3	互联网	
4068	江西巨网科技股份有限公司	IT信息技术	
4069	极客学院	教育培训	
4070	北京叩富网络科技有限公司	IT信息技术	
4071	九阳股份有限公司	批发零售	
4072	net130网站	教育培训	
4073	铜陵市房地产市场管理处	公用事业/服务	
4074	先声药业	医疗卫生	
4075	驱动天空	互联网	
4077	海洋cms	互联网	
4078	蓝海创意云	互联网	
4079	四川商通实业有限公司	金融	
4080	西可通信	IT信息技术	
4081	富安达基金管理有限公司	金融	
4082	贵州股权交易中心	金融	
4083	易班	教育培训	
4084	上海寻星网络科技有限公司	IT信息技术	
4085	深圳市鑫云安开发科技有限公司	互联网	
4086	深圳市南方网通网络技术开发有限公司	IT信息技术	
4087	湖南梦洁家纺股份有限公司	生活服务	
4088	北京安宁创新网络科技股份有限公司	IT信息技术	
4089	济宁学院	教育培训	
4090	前程无忧	互联网	
4091	中国国际金融股份有限公司	金融	
4092	百姓网	互联网	
4093	雷锋网	互联网	
4094	深圳市邦固科技有限公司	互联网	
4095	格子微酒店	生活服务	
4096	北京家事无忧家政服务有限公司	生活服务	
4097	深圳市六度人和科技有限公司	IT信息技术	
4098	广州艾游信息科技股份有限公司	互联网	
4099	中易互联	IT信息技术	
4100	天津北方网新媒体集团股份有限公司	IT信息技术	
4101	广州汽车集团股份有限公司	互联网	
4102	合众人寿保险股份有限公司	金融	
4103	深圳市合伙人互联网金融服务有限公司	金融	
4104	杭州日报报业集团	媒体	
4105	依凡特物流	交通运输	
4106	雪山贷	金融	
4107	i爱屋吉屋	互联网	
4108	众联财富P2P	金融	
4109	汇通财经	金融	
4110	开心印	生活服务	
4111	北京顺信益信息技术有限公司	IT信息技术	
4112	杭州乐邦科技有限公司	IT信息技术	
4113	上海摩诃网络科技有限公司	IT信息技术	
4114	慧学教育科技北京有限公司	教育培训	
4115	合肥飞友网络科技有限公司	IT信息技术	
4116	广州中国科学院先进技术研究所	教育培训	
4117	上海谨拍电子商务有限公司	互联网	
4118	聊城新闻网	媒体	
4119	无线生活北京信息技术有限公司	IT信息技术	
4120	浙江中新力合控股有限公司	金融	
4121	四川御顺金融外包服务有限公司	金融	
4122	深圳市钱爸爸电子商务有限公司	IT信息技术	
4123	中航证券有限公司	金融	
4124	春水堂	互联网	
4125	上海童石	互联网	
4126	Keep	互联网	
4127	广东互易网络知识产权有限公司	其他	
4128	湖北百腾网络科技有限公司	互联网	
4129	红岭资本管理有限公司	金融	
4130	香港科技專上書院	教育培训	
4131	瓷肌	生活服务	
4132	北京易观智库网络科技有限公司	IT信息技术	
4133	长城证券股份有限公司	金融	
4134	上海来伊份股份有限公司	生活服务	
4135	北京开普互联科技有限公司	IT信息技术	
4136	同方全球人寿保险有限公司	金融	
4137	甘肃省数字化教育工程实验室	教育培训	
4138	广西英腾教育科技股份有限公司	教育培训	
4139	中欧基金管理有限公司	金融	
4140	武汉天禄财富投资管理有限公司	金融	
4141	开源证券股份有限公司	金融	
4142	湖北经济学院	教育培训	
4143	浙江奥康鞋业股份有限公司	工业制造	
4144	A5	互联网	
4145	新思农网	食品和农业	
4146	江苏先声药业有限公司	医疗卫生	
4147	微信圈	互联网	
4148	北京拉勾网络科技有限公司	互联网	
4149	fnji	生活服务	
4150	亚信科技	电信运营商	
4151	哥们网科技有限公司	互联网	
4152	如家酒店集团	生活服务	
4153	好买财富管理股份有限公司	金融	
4154	天星教育网	教育培训	
4156	北晚新视觉	媒体	
4157	滕州市高新区政府	政府部门	
4158	长春理工大学光电信息学院	教育培训	
4159	广州开发区	政府	
4160	A5CN	其他	
4161	合肥赛诺信息技术有限公司	生活服务	
4162	浙江雅购网络科技有限公司	IT信息技术	
4163	青岛华银商品交易中心有限公司	金融	
4164	中国证监会	政府部门	
4165	昆明深堂科技有限公司	IT信息技术	
4166	南京爱恒网	IT信息技术	
4167	重庆易宠科技有限公司	IT信息技术	
4168	深圳市移卡科技有限公司	IT信息技术	
4169	北京微影时代科技有限公司	互联网	
4170	宝尊电商	互联网	
4171	游族网络	互联网	
4172	必要商城	互联网	
4173	为尔商城	互联网	
4174	育儿网	互联网	
4175	良仓	IT信息技术	
4176	学大教育	教育培训	
4177	帝联科技	互联网	
4178	深圳市泰捷软件技术有限公司	IT信息技术	
4179	合众速递	交通运输	
4180	changhe	工业制造	
4181	维也纳酒店集团	生活服务	
4182	河南世纪联华	批发零售	
4183	北京慧友云商科技有限公司	互联网	
4184	北京逗游网络技术有限公司	互联网	
4185	北京锐思达科技有限公司	IT信息技术	
4186	陕西重型汽车有限公司	工业制造	
4187	浙江花集网科技股份有限公司	生活服务	
4188	天士力控股集团	医疗卫生	
4189	万学教育	教育培训	
4190	上海帝联信息科技股份有限公司	IT信息技术	
4191	天津师范大学	教育培训	
4192	南宁一站网网络技术有限公司	互联网	
4193	漱玉平民	医疗卫生	
4194	河北省质量技术监督局	政府部门	
4195	北京好赞移动科技有限公司	互联网	
4196	九华山管委会	政府部门	
4198	北京市疾病预防控制中心	医疗卫生	
4199	四川工程职业技术学院	教育培训	
4200	合金融	金融	
4201	洽客	互联网	
4202	成都师范学院	教育培训	
4203	响巢看看	互联网	
4204	泰州市卫生和计划生育委员会	政府部门	
4205	鼎捷软件股份有限公司	IT信息技术	
4206	方太营销有限公司	生活服务	
4207	问卷星	互联网	
4208	互联港湾	IT信息技术	
4209	济南网络广播电视台	媒体	
4210	上海道拓	IT信息技术	
4211	网聚无限	IT信息技术	
4212	快约科技	互联网	
4213	威胜集团有限公司	制造业	
4214	找钢网	互联网	
4215	百视通	互联网	
4216	泰安市金斗网络科技有限责任公司	IT信息技术	
4217	北京中大网天科技发展有限公司	IT信息技术	
4218	长春吉大正元信息技术股份有限公司	IT信息技术	
4219	北京汇天威科技有限公司	IT信息技术	
4220	北京中意之旅信息技术有限公司	互联网	
4221	产品邦	互联网	
4222	40407	互联网	
4223	四川天地风讯科技有限公司	IT信息技术	
4224	Midifan	互联网	
4225	北京市房山区百特英语培训学校	教育培训	
4226	思建科技	互联网	
4227	浙江浙大网新中研软件有限公司	IT信息技术	
4228	北京懂球帝科技有限公司	IT信息技术	
4229	吉林烟草工业有限责任公司	事业单位	
4230	海南省商务厅商务信息中心	政府部门	
4231	深圳市出众网络有限公司	IT信息技术	
4232	湖南浩基信息技术有限公司	IT信息技术	
4233	深圳金三立视频科技股份有限公司	制造业	
4234	昆明航空有限公司	交通运输	
4235	股票雷达	金融	
4236	上海爱相随信息科技有限公司	IT信息技术	
4237	钱咸升北京网络科技股份公司	IT信息技术	
4240	山东沂水农村商业银行股份有限公司	金融	
4241	北京维太格科技有限公司	IT信息技术	
4242	爱康	金融	
4243	长业建设集团有限公司	工程建设	
4244	九三学社中央委员会	政府部门	
4245	深圳市嘟嘟牛科技股份有限公司	IT信息技术	
4246	九元航空有限公司	交通运输	
4247	哔哩哔哩唧唧	互联网	
4248	斗象科技	IT信息技术	
4249	深圳市中润四方信息技术有限公司	制造业	
4250	广州维动网络科技有限公司	互联网	
4251	学信网	教育培训	
4252	东莞市乐其网络科技有限公司	制造业	
4253	抱抱	互联网	
4254	东莞市华博网络科技有限公司	IT信息技术	
4255	上海汇紫商务咨询有限公司	其他	
4256	天津市大学软件学院	教育培训	
4257	义隆金融官网	金融	
4258	潮州市人民政府政务服务中心	政府部门	
4259	世界工厂网	互联网	
4260	深圳市康冠技术有限公司	制造业	
4261	北京桃花坞科技股份有限公司	IT信息技术	
4262	教育部学位与研究生教育发展中心	政府部门	
4263	上海任我花网络科技有限公司	金融	
4264	厦门禹洲集团股份有限公司	工程建设	
4265	正奇金融	金融	
4266	杭州荣辰网络信息科技有限公司	IT信息技术	
4267	新数	IT信息技术	
4268	xxt.cn	互联网	
4269	南京昂克软件有限公司	IT信息技术	
4270	北京一丢丢科技有限公司	IT信息技术	
4272	杭州妙聚网络科技有限公司	IT信息技术	
4273	北京首创股份有限公司	金融	
4274	中银消费金融有限公司	金融	
4275	上海丽芙家居用品有限公司	生活服务	
4276	湖南网络工程职业学院	教育培训	
4277	南昌妆点网络科技有限公司	互联网	
4278	游梦网	互联网	
4279	浙江博客信息技术有限公司	IT信息技术	
4280	凤凰游戏	互联网	
4281	朗坤智慧科技股份有限公司	IT信息技术	
4282	北京时间股份有限公司	媒体	
4283	聚宝匯	金融	
4284	三茅人力资源网	互联网	
4285	重庆猫扑网络科技有限公司	IT信息技术	
4286	广州昊动网络科技有限公司	互联网	
4287	荆楚网	媒体	
4288	证通电子	IT信息技术	
4289	福建晋江农商银行	金融	
4290	山东神光咨询服务有限责任公司	金融	
4291	小布叮	教育培训	
4292	博乒网	生活服务	
4293	甘肃广播电视大学	-1	
4294	中智北京	IT信息技术	
4295	eDoctor	医疗卫生	
4296	深圳市金凯博电子有限公司	制造业	
4297	靜宜大學	教育培训	
4299	钱贷网	金融	
4300	台州市银河信息技术有限公司	其他	
4301	上海西示网络科技有限公司	IT信息技术	
4302	潇湘晨报网	媒体	
4303	南京壹号家信息科技有限公司	生活服务	
4304	中国宝武钢铁集团有限公司	制造业	
4305	河南众品食业股份有限公司	食品和农业	
4306	极速动力	互联网	
4307	深圳优方网络技术有限公司	IT信息技术	
4308	颐安集团	工程建设	
4309	安徽省教育和科研计算机网	政府部门	
4310	北京普缇客科技有限公司	互联网	
4311	上海珍岛信息技术有限公司	IT信息技术	
4312	星光BBS	互联网	
4313	viva	教育培训	
4314	福州天盟数码有限公司	互联网	
4315	成都体育学院	教育培训	
4316	安徽新华学院	教育培训	
4317	北京友缘在线网络科技股份有限公司	互联网	
4318	江苏国泰新点软件有限公司	IT信息技术	
4319	秒针系统	互联网	
4320	OK贷	金融	
4321	广州掌淘网络科技有限公司	IT信息技术	
4322	深圳数交所信息技术有限公司	IT信息技术	
4323	华声在线股份有限公司	IT信息技术	
4324	上海欢居信息技术有限公司	生活服务	
4325	北京大学人民医院	教育培训	
4326	蓝盾信息安全技术有限公司	互联网	
4327	天网软件股份有限公司	IT信息技术	
4328	成都国盛天丰网络科技有限公司	IT信息技术	
4329	宁波市教育局	政府部门	
4330	北京天威诚信电子商务服务有限公司	IT信息技术	
4331	上海也买信息科技有限公司	IT信息技术	
4332	北京合声优客网络技术有限公司	互联网	
4333	上海格尔软件股份有限公司	IT信息技术	
4334	北京飞流九天科技有限公司	IT信息技术	
4335	新疆亚心网网络有限公司	IT信息技术	
4336	台湾岛旅游网	互联网	
4337	药房网商城	医疗卫生	
4338	深圳市国脉畅行科技股份有限公司	交通运输	
4339	上海益玩网络科技有限公司	互联网	
4340	嘉里物流	交通运输	
4341	上海游奇网络有限公司	互联网	
4342	天津市国瑞数码安全系统股份有限公司	IT信息技术	
4343	信管网	IT信息技术	
4344	souky.eol.cn	互联网	
4345	句容市婚姻登记管理	政府部门	
4346	好收益	金融	
4347	北京点趣教育科技有限公司	教育培训	
4348	广州新一代数据中心	IT信息技术	
4349	宁波迅途信息技术有限公司	IT信息技术	
4350	挖财	金融	
4351	舟山爱博仁人力资源咨询有限公司	互联网	
4353	北京汽车股份有限公司	工业制造	
4354	投哪网	金融	
4355	北京九派服饰有限公司	生活服务	
4356	中欣卡	金融	
4357	上海贝锐信息科技股份有限公司	IT信息技术	
4358	济南市政务服务中心	政府部门	
4359	三峡大学	教育培训	
4360	上海易娱网络科技有限公司	IT信息技术	
4361	悠逸信息	IT信息技术	
4362	上海市统计局	政府部门	
4363	北京经华智业教育科技有限公司	高校	
4364	埃克塞德	能源	
4365	上海安师傅汽车服务股份有限公司	IT信息技术	
4366	长江网	媒体	
4367	深圳市小牛在线互联网信息咨询有限公司	互联网	
4368	国家测绘地理信息局重庆测绘院	科研机构	
4370	苏州思杰马克丁软件有限公司	IT信息技术	
4371	投之家金融信息服务有限公司	金融	
4372	深圳飓风伟业网络有限公司	互联网	
4373	盈世信息	互联网	
4375	滁州学院	教育培训	
4376	乐有家网络科技有限公司	生活服务	
4377	顾家家居股份有限公司	生活服务	
4378	上海美特斯邦威服饰股份有限公司	生活服务	
4379	21世纪不动产	工程建设	
4380	深圳招商房地产有限公司	工程建设	
4381	有问必答网	医疗卫生	
4382	中山证券有限责任公司	金融	
4384	重庆有线电视网络有限公司	媒体	
4385	北京菲特盟德信息技术有限公司	IT信息技术	
4386	浙江省财政厅	政府部门	
4387	浙江大学	教育培训	
4388	厦门建发股份有限公司	工程建设	
4389	成都航空有限公司	航天航空	
4390	LC365NET	公用事业/服务	
4391	深圳市宁远科技股份有限公司	IT信息技术	
4392	南京哈耶普教育信息咨询有限公司	教育培训	
4393	湖南土流信息有限公司	IT信息技术	
4394	苏州工业园区职业技术学院	教育培训	
4396	金华快服科技有限公司	互联网	
4397	上海拍拍贷金融信息服务有限公司	金融	
4398	博雅	教育培训	
4399	上海佰晟通信息科技有限公司	金融	
4400	盛科网络	IT信息技术	
4401	北京东奥时代教育科技有限公司	教育培训	
4402	中装新网科技北京有限公司	IT信息技术	
4403	九机网	互联网	
4404	吉林省人民政府网站管理办公室	政府部门	
4405	深圳压寨网络有限公司	IT信息技术	
4406	安标国家矿用产品安全标志中心	能源	
4407	宁波市国际招标有限公司	工程建设	
4408	北京每日优鲜电子商务有限公司	食品和农业	
4409	广州自我游网络科技有限公司	互联网	
4410	华融道	金融	
4411	空中网	互联网	
4412	什马金融	金融	
4413	北京童虎科技有限公司	IT信息技术	
4414	好医网	互联网	
4416	北京盛心阳光	生活服务	
4417	地球城	互联网	
4418	宁波太平洋恒业控股有限公司	金融	
4419	山东京博控股股份有限公司	能源	
4420	长春农村商业银行股份有限公司	金融	
4421	东北农业大学	教育培训	
4422	安徽财经大学	教育培训	
4423	pkuxkx	互联网	
4424	上海普资金融信息服务股份有限公司	金融	
4425	义乌市恒信人才开发有限公司	互联网	
4426	湖北省教育信息化发展中心湖北省电化教育馆	政府部门	
4427	泰州市人民政府办公室	政府部门	
4428	广州电商计算机科技有限公司	IT信息技术	
4429	百富计算机技术	IT信息技术	
4430	太原市红十字	医疗卫生	
4431	精彩小说网	教育培训	
4432	安徽科技学院	教育培训	
4433	河南信安世纪科技有限公司	其他	
4434	势航网络	互联网	
4435	佛山市统计局	政府部门	
4437	渤海人寿	金融	
4438	浙江省国土资源厅	政府部门	
4439	爱代驾	其他	
4440	海南尚品易购电子商务有限公司	生活服务	
4441	湖北华政未来网络科技有限公司	IT信息技术	
4442	云汉芯城上海互联网科技股份有限公司	IT信息技术	
4443	深圳市和讯华谷信息技术有限公司	IT信息技术	
4444	长安基金管理有限公司	金融	
4445	广东中建普联科技股份有限公司	IT信息技术	
4446	赛尔网络有限公司	IT信息技术	
4447	好课优学	教育培训	
4448	习习网络	教育培训	
4449	万科企业股份有限公司	工程建设	
4450	上汽大众汽车有限公司	工业制造	
4451	深圳市市场和质量监管委	政府部门	
4452	多米音乐	互联网	
4453	广南县政府	政府部门	
4454	上海美差网络科技有限公司	互联网	
4455	上海纳客宝宝信息技术有限公司	金融	
4456	安徽化工学校	教育培训	
4457	河南零幺信息科技有限公司	IT信息技术	
4458	德华安顾人寿保险有限公司	金融	
4459	恒大人寿保险有限公司	金融	
4460	昆仑健康保险股份有限公司	金融	
4461	乐百供	批发零售	
4463	浙江越秀外国语学院	高校	
4464	南京银行	金融	
4465	上海纬岭文化传播有限公司	制造业	
4466	中国人寿四川省公司	金融	
4467	广汽	工业制造	
4468	迫无网络	IT信息技术	
4469	渤海财险	金融	
4470	四川省艾普网络股份有限公司	IT信息技术	
4471	潜江市教育局	政府部门	
4472	南北潮商城	互联网	
4473	全国教师教育网络联盟秘书处	政府部门	
4474	中原银行股份有限公司	金融	
4475	中共西安市委办公厅	政府部门	
4476	温州医科大学附属第一医院	医疗卫生	
4477	北京一猫汽车科技有限公司	工业制造	
4478	深圳走秀网络科技有限公司	政府部门	
4479	中移铁通甘肃分公司	电信运营商	
4480	江苏三六五网络股份有限公司	生活服务	
4484	曲美家具集团	生活服务	
4485	东华理工大学	教育培训	
4487	湖北大学知行学院	教育培训	
4488	北方民族大学	教育培训	
4489	广州找本书信息科技有限公司	教育培训	
4490	上海明数数字出版科技有限公司	IT信息技术	
4492	天津渤海商品交易所股份有限公司	金融	
4493	苏州大学应用技术学院	教育培训	
4494	DBShop	互联网	
4495	南京雨润云中央电子商务有限公司	批发零售	
4497	中央电话教育馆	教育培训	
4499	北京慧米科技有限公司	IT信息技术	
4500	北京共享互联科技有限公司	互联网	
4502	浙江红蜻蜓鞋业股份有限公司	制造业	
4503	甘肃省计算中心	IT信息技术	
4504	上海有孚网络股份有限公司	IT信息技术	
4505	闵行区教育局	政府部门	
4506	四川程友科技开发有限公司	IT信息技术	
4507	重庆市沙坪坝区教育委员会	政府部门	
4508	马鞍山师范高等专科学校	教育培训	
4510	创成装饰	生活服务	
4511	上海联劝公益基金会	金融	
4512	易视腾科技股份有限公司	IT信息技术	
4514	东莞市矩正电子科技有限公司	IT信息技术	
4516	广州七侠网络科技有限公司	IT信息技术	
4517	银泰网	互联网	
4518	深圳喜爱科技有限公司	互联网	
4520	北京全峰快递有限责任公司	交通运输	
4521	环球时报环球网	媒体	
4523	人人乐连锁商业集团股份有限公司	批发零售	
4524	北京市地铁	交通运输	
4525	盛大游戏	互联网	
4528	江苏楚淮软件科技开发有限公司	IT信息技术	
4530	华夏幸福基业股份有限公司	工程建设	
4531	汇添富基金管理股份有限公司	金融	
4532	新华通讯社	媒体	
4533	拉卡拉商务服务有限公司	其他	
4534	心动网络股份有限公司	IT信息技术	
4535	北京创意麦奇教育信息咨询有限公司	互联网	
4536	陕西工业职业技术学院	教育培训	
4538	浙江校友邦人力资源有限公司	互联网	
4539	美橙互联	互联网	
4540	成都全搜索	互联网	
4541	东莞市科力达衡器有限公司	制造业	
4542	丹阳人才网	互联网	
4543	国金期货有限责任公司	金融	
4544	南通市政府	政府部门	
4545	立创商城	批发零售	
4546	斗米兼职	互联网	
4547	荆州职业技术学院	高校	
4548	广州市电子政务服务中心	政府部门	
4549	白云山制药总厂	医药	
4551	句容市人力资源和社会保障局信息中心	政府部门	
4552	句容市人力资源和社会保障局	政府部门	
4553	山东财经大学	教育培训	
4554	国旅联合股份有限公司	生活服务	
25854	皖南医学院	企业	
25966	山东农业大学	企业	
26153	中华保险	企业	
26424	金华市人社局	企业	
26486	Pactera	企业	
26512	上海市司法局	企业	
26625	有住网	企业	
26646	数据宝	互联网	
26803	贵州银行	企业	
26814	梅州市社保局	企业	
26856	枣庄英特	企业	
26876	测试	互联网	
26878	合优网	互联网	
26886	观察者网	企业	
27371	宁波卫生局	企业	
27569	黑龙江省教育信息中心	企业	
27592	杭州娃哈哈集团有限公司	企业	
27652	好买	企业	
27697	万户网络	企业	
27733	上海汽车集团股份有限公司	-1	
27782	闽江学院	企业	
27881	上海丫丫信息科技有限公司	企业	
27978	北京万学教育	企业	
27981	中国食品添加剂和配料协会	企业	
28022	北京乐学一百在线教育科技有限公司	企业	
28056	响站	企业	
28057	中国民生网	企业	
28059	送礼族鲜花礼品行	企业	
28063	广州市明夏阳人工智能技术有限公司	企业	
28068	武汉佳网科技有限公司	企业	
28075	广东立国制药有限公司	企业	
28076	杭州畅邮网络科技有限公司	企业	
28080	重庆农村商业银行	企业	
28081	棉花象	企业	
28087	南京大明网络科技有限公司	企业	
28089	苏州闻道网络科技	企业	
28099	多择网络	企业	
28100	河南省网中心	高校	
28101	江西省学生资助中心	企业	
28102	湖北公众信息产业有限责任公司	企业	
28108	杭州长运运输集团有限公司	企业	
28109	深圳市每天惠电子商务有限公司	企业	
28110	常州贝特康姆软件技术有限公司	企业	
28113	yopmail	企业	
28114	天峰普惠信息咨询有限公司	企业	
28116	卡拉丁	企业	
28117	杭州九言科技股份有限公司	企业	
28119	中共中央党校图书馆	企业	
28124	YzmCMS	互联网	
28125	成都雅堂投资股份有限公司	企业	
28128	chat711约克英语会话	企业	
28131	杭州猫幻信息科技有限公司	互联网	
28132	中山市网联信息科技有限公司	企业	
28134	江苏中威科技软件系统有限公司	企业	
28135	星云	企业	
28136	中国电信学院	企业	
28137	优效	企业	
28138	任子行	企业	
28139	南京先极科技有限公司	企业	
28140	北京车讯互联网股份有限公司	企业	
28141	浙江水利水电学院	企业	
28142	福州金英科技有限公司	企业	
28144	聚名网	企业	
28146	广州欢网科技有限责任公司	企业	
28147	山东商业职业技术学院	企业	
28148	重庆国土房管局	企业	
28150	上海追梦网络科技有限公司	企业	
28151	米鼠网	企业	
28152	温州职业技术学院	企业	
58318	安徽广播电视台	媒体	
58321	大连华信计算机技术股份有限公司	IT信息技术	
58322	蚌埠市监察局	政府部门	
58326	安徽省高速石化有限公司	交通运输	
58327	百合网1	互联网	
58328	中电运行	互联网	
58333	金华职业技术学院	教育培训	
58334	上海证券有限责任公司	金融	
58341	交通运输部海事局	政府	
58344	中铁第五勘察设计院	教育培训	
58346	Formax金融圈	金融	
58353	成都人事考试中心	教育培训	
58354	上海尊溢商务信息服务有限公司	互联网	
58356	大连医科大学	教育培训	
58362	深圳市天威视讯股份有限公司	未知	
58363	青岛泽旭网络科技有限公司	互联网	
58366	中国江苏网	媒体	
58381	上海拜特尔安全设备有限公司	制造业	
58401	上海朗阁教育培训有限公司	教育培训	
58415	上海开放大学徐汇财贸分校	教育培训	
58480	北京大学医学部	高校	
58490	Regus	其他	
58523	上海秦苍信息科技有限公司	互联网	
58539	融360	-1	
58540	君库科技	IT信息技术	
58596	神州顺利办企业发展（上海）有限公司	其他	
58748	微鲸科技有限公司	互联网	
58749	北京鸿达以太文化发展有限公司	生活服务	
59180	东方银谷（北京）投资管理有限公司	金融	
59381	广州红森林信息科技有限公司	IT信息技术	
59383	三茅网	互联网	
59386	中国软件与技术服务股份有限公司税务本部	IT信息技术	
59387	竞彩网	电商	
59396	上海沃势文化传播有限公司	IT信息技术	
59399	上海千杉网络技术发展有限公司	IT信息技术	
59401	100医药网	医疗卫生	
59402	上海珍岛	互联网	
59403	鬼工科技(北京)有限公司	IT信息技术	
59404	美丽加	生活服务	
59405	漱玉平民大药房里连锁股份有限公司	医疗卫生	
59407	浙江农林大学	教育培训	
59413	江西服装学院	高校	
59414	新疆前海联合基金管理有限公司	金融	
59415	新东方在线	教育培训	
59416	湖北交运集团股份有限公司	交通运输	
59417	浙江泰隆商业银行	银行	
59420	北京理工大学珠海学院	教育培训	
59422	山东安云信息技术有限公司	IT信息技术	
59423	免税易购	电商	
59424	浙江大学医学院附属第四医院	教育培训	
59425	华北电力大学	教育培训	
59427	北京讯腾智慧科技股份有限公司	其他	
59432	畅游天下网络技术有限公司	-1	
59436	首都之窗	政府部门	
59437	湖北民族学院	教育培训	
59438	山东省城市银行合作联盟有限公司	金融	
59441	日立电梯（中国）有限公司	工业制造	
59442	深圳航天信息有限公司	交通运输	
59443	济南亚爱特软件有限公司	IT信息技术	
59445	蜜米柏克思（上海）商贸有限公司	生活服务	
59446	上海市民办万源城协和双语学校	教育培训	
59448	山东省金融办公室	金融	
59449	枣庄学院	教育培训	
59455	聊城大学	教育培训	
59458	北京开心人信息技术有限公司	互联网	
59459	天天利财科技（北京）有限公司	金融	
59461	广州游信网络科技有限公司	互联网	
59464	杭州电魂网络科技股份有限公司	互联网	
59465	北京神州智联科技有限公司	教育培训	
59466	络道科技	IT信息技术	
59467	常德技师学院	教育培训	
59469	广州日滨科技发展有限公司	IT信息技术	
59471	朝歌数码科技	IT信息技术	
59472	黑光网	生活服务	
59474	宁波天胜摄影有限公司	生活服务	
59476	珠海市惠泽网络科技有限公司	互联网	
59477	上海泛微网络科技股份有限公司	IT信息技术	
59483	河北航天信息技术有限公司	交通运输	
59484	内蒙古农业大学	教育培训	
59485	湖南外贸职业学院	教育培训	
59486	内蒙古师范大学	教育培训	
59491	北金所	金融	
59492	襄阳职业技术学院	教育培训	
59493	深圳证券信息有限公司	金融	
59495	江苏航天信息有限公司	交通运输	
59497	武汉铁路职业技术学院	教育培训	
59498	中海基金管理有限公司	金融	
59499	上海小小乐杰健身休闲有限公司	生活服务	
59500	新浪支付	金融	
59501	ChaMd5	保险	
59503	河南省工商行政管理局	未知	
59505	葫芦侠	互联网	
59506	东海证券	金融	
59507	北京都秀网络科技有限公司	IT信息技术	
59508	四川省科学技术信息研究所	教育培训	
59509	重庆松发科技有限公司	IT信息技术	
59510	内江职业技术学院	教育培训	
59511	北京超圣信华科技有限公司	IT信息技术	
59512	深圳前海联动云汽车租赁有限公司	-1	
59513	四川民族学院	高校	
59517	海南银行股份有限公司	金融	
59519	北京中电未来科技有限公司	未知	
59524	中华人民共和国深圳海事局	政府部门	
59525	宁波太平洋百货集团有限公司	生活服务	
59526	梦芭莎	互联网	
59527	内蒙古伊利实业集团股份有限公司	食品和农业	
59528	成都工业职业技术学院	教育培训	
59529	重庆小雨点小额贷款公司	金融	
59531	中共江苏省委党校	政府部门	
59532	中国攀枝花网	媒体	
59533	杭州泰一指尚科技有限公司	互联网	
59536	东北电力大学信息化办公室	教育培训	
59538	上讯信息技术股份有限公司	其他	
59539	山东政法学院	教育培训	
59540	齐鲁医药学院	医疗卫生	
59542	梅赛德斯-奔驰汽车金融有限公司	-1	
59544	浙江财经大学	教育培训	
59545	浙江工商职业技术学院	未知	
59546	浙江万里学院	教育培训	
59548	上海市规划和国土资源管理局	政府	
59550	四三九九	IT信息技术	
59551	浙江正泰电器股份有限公司	工业制造	
59555	上海澄泓信息科技有限公司	互联网	
59557	安徽省互联网应急中心	政府部门	
59558	广西工商职业技术学院	教育培训	
59559	中国电力传媒集团	能源	
59562	YXcms	IT信息技术	
59563	聚美优品科技有限公司	IT信息技术	
59564	燕京理工学院	教育培训	
59567	美餐网	互联网	
59568	菜鸟教程	教育培训	
59570	靖江市人民政府	政府部门	
59576	宁夏建设职业技术学院	教育培训	
59577	四川文理学院	教育培训	
59579	中国联通北京市分公司	电信运营商	
59580	中国建筑材料科学研究总院	教育培训	
59581	中电长城网际系统有限公司	IT信息技术	
59583	孝感齐天网络有限公司	IT信息技术	
59584	福建省食品药品监督管理局	医疗卫生	
59585	南昌工程学院	教育培训	
59586	安徽省发展和改革委员会	政府部门	
59587	东方希望	其他	
59588	青岛大学	教育培训	
59590	北京智邦国际软件技术有限公司	IT信息技术	
59591	易联众民生（厦门）科技有限公司	金融	
59592	甘肃省广播电影电视总台	-1	
59595	江西省扶贫和移民办公室	政府	
59596	国美金控投资有限公司	金融	
59601	永登县基层党建网	政府部门	
59603	道有道360	IT信息技术	
59604	四川省绵阳市丰谷酒业有限责任公司	食品和农业	
59605	北京网元圣唐娱乐科技有限公司	互联网	
59606	永登基层党建网	政府部门	
59608	四川省有线广播电视网络股份有限公司	-1	
59610	海信聚好看	互联网	
59611	九州证券股份有限公司	金融	
59612	07073游戏网	IT信息技术	
59613	中国食品添加剂和配料协会	食品和农业	
59614	湖南省高速公路监控中心	政府部门	
59615	广东华亚印刷有限公司	其他	
59616	云麦科技	互联网	
59617	中国人民政治协商会议重庆市沙坪坝区委员会	-1	
59618	华安财产保险股份有限公司	金融	
59619	上海市黄浦区疾病预防控制中心	医疗卫生	
59623	i良仓	互联网	
59627	北京天使圣婴网络科技有限公司	IT信息技术	
59628	金山云	互联网	
59630	青岛有住信息股份有限公司	IT信息技术	
59632	新疆维吾尔自治区国家税务局	政府部门	
59635	麦乐购	生活服务	
59637	中国光大银行	金融	
59638	山东省人民政府采购中心	政府部门	
59639	青岛航空股份有限公司	交通运输	
59641	北京新网	IT信息技术	
59642	杭州快电新能源科技有限公司	能源	
59644	安徽省农村信用社	金融	
59647	国家林业局信息中心	政府部门	
59649	物通网	交通运输	
59653	河南交通投资集团有限公司	金融	
59655	内蒙古自治区农村信用社联合社	未知	
59656	安衅生物	医疗卫生	
59657	浙江大华技术股份有限公司	未知	
59659	网神信息技术（北京）股份有限公司	-1	
59662	复旦大学附属华山医院	医疗卫生	
59664	上海壹米滴答供应链管理有限公司	其他	
59665	重庆理工大学	高校	
59668	湖南省高速公路管理局信息中心	交通运输	
59670	中海地产集团有限公司	未知	
59671	江西省电化教育馆	政府	
59675	上海海洋大学	教育培训	
59678	浙江经济职业技术学院	教育培训	
59680	北京市地方税务局	政府	
59682	江苏国泰新点软件	IT信息技术	
59683	小船出海教育科技（北京）有限公司	教育培训	
59685	12580目录	电信运营商	
59686	咸宁职业技术学院	教育培训	
59687	北京我乐视界信息科技有限公司广州分公司	IT信息技术	
59688	通信人才网	互联网	
59690	郑州腾佑科技有限公司	IT信息技术	
59691	悠逸中科	互联网	
59693	什邡市教育局	政府部门	
59695	任我游（厦门）科技发展有限公司	IT信息技术	
59696	渭南市教育局	政府部门	
59697	宁波市镇海区新闻中心	媒体	
59698	Webpower	其他	
59699	浙江电子口岸	其他	
59700	上海爱尚鲜花股份有限公司	生活服务	
59702	沈阳帮	媒体	
59704	沈阳铁路网	互联网	
59707	攀枝花市人才服务中心	政府部门	
59708	沈阳市人力资源和社会保障局	政府部门	
59710	深圳市中航健康时尚集团股份有限公司	生活服务	
59711	网贷天眼	金融	
59713	华尔街英语	教育培训	
59715	南充市质量技术监督局	政府部门	
59717	BIOSTIME	-1	
59719	平安健康互联网	医疗卫生	
59720	圣象集团有限公司	IT信息技术	
59721	互易	IT信息技术	
59723	鹏博士电信传媒集团数据中心事业部	IT信息技术	
59725	北京市朝阳区信息化工作办公室	政府部门	
59726	自贡尚美文化艺术有限公司	生活服务	
59727	北京闻言科技有限公司	电信运营商	
59728	湖南步步高	其他	
59729	国际金属加工网	制造业	
59730	北航实验学校	教育培训	
59732	浙江交工集团股份有限公司	生活服务	
59733	广西科技职业学院	高校	
59734	1010兼职网	互联网	
59736	巴彦淖尔市农牧业局	政府部门	
59738	DHL	交通运输	
59739	锋镝传媒（深圳）有限公司	其他	
59740	乐爱金财产保险（中国）有限公司	金融	
59742	上海依视路光学有限公司	制造业	
59743	苏州歌者网络科技有限公司	互联网	
59745	贵阳高新区政务服务中心	政府部门	
59746	格瓦拉生活网	互联网	
59748	武汉丁香果网络科技	互联网	
59749	花垣县人民政府办公室	政府部门	
59751	成都摩宝网络科技有限公司	IT信息技术	
59752	义乌风度网络	IT信息技术	
59753	浙商证券股份有限公司	金融	
59755	贵阳银行股份有限公司	金融	
59756	重庆大学城市科技学院	教育培训	
59757	四川省科技成果信息服务平台	公用事业/服务	
59758	隆安县政府	政府部门	
59759	中国机械工业集团有限公司	制造业	
59760	懒人图库	互联网	
59762	四川省成都市中和职业中学	教育培训	
59764	襄阳市石开网络科技有限公司	IT信息技术	
59765	厦门银鹭公司	食品和农业	
59767	仪器信息网	互联网	
59768	淘师湾	教育培训	
59770	巴彦淖尔市政务服务中心	公用事业/服务	
59771	广东动易软件股份有限公司	IT信息技术	
59772	黄冈科技职业学院	教育培训	
59773	驻马店市人力资源社会保障电子政务中心	政府部门	
59777	江西省图书馆	教育培训	
59779	兰州财经大学	教育培训	
59781	厦门市人才服务中心	互联网	
59782	紫金财产保险股份有限公司	保险	
59783	山东卓创资讯股份有限公司	其他	
59784	上海电力学院	教育培训	
59785	tianjihr	其他	
59786	广州启生信息技术有限公司	生活服务	
59790	扬州市政府信息资源管理中心	政府部门	
59792	中国移动通信集团河北有限公司	未知	
59793	重庆市教育委员会	政府部门	
59794	上海市普陀区现代教育技术中心	教育培训	
59795	杭州致梦科技有限伺	IT信息技术	
59796	福州网健天下网络科技有限公司	IT信息技术	
59797	黑龙江省食品药品检验检测所	食品和农业	
59798	乐易考	教育培训	
59802	徐州梦创信息科技有限公司	IT信息技术	
59805	一下科技	互联网	
59806	尚德机构	教育培训	
59807	西安澳鹏网络科技有限公司	互联网	
59809	中国交通报社	媒体	
59810	聚诚（深圳）网络科技	互联网	
59811	长亮科技	互联网	
59812	国家气象信息中心	未知	
59813	杭州中房信息科技有限公司	工程建设	
59815	安徽省股权托管交易中心	金融	
59816	东北林业大学	高校	
59818	盒子支付	金融	
59819	创维集团	制造业	
59821	新华网股份有限公司	媒体	
59822	北京市教育系统人才交流服务中心	公用事业/服务	
59823	吉林建筑大学	未知	
59824	江苏省常熟职业教育中心校	教育培训	
59825	北京水木联创科技有限公司	互联网	
59826	华住酒店	生活服务	
59828	国家安全生产监督管理总局	政府部门	
59831	安徽省卫生和计划生育委员会	医疗卫生	
59833	常德市电子政务办	政府部门	
59834	广联达科技股份有限公司	工程建设	
59835	广州朝闻天下信息技术有限公司	IT信息技术	
59836	特步(中国)有限公司	制造业	
59837	昆明中药厂有限公司	医疗卫生	
59843	安徽三实信息技术服务有限公司	IT信息技术	
59844	上海七牛信息技术有限公司	IT信息技术	
59845	南京功夫豆信息科技有限公司	生活服务	
59846	上汽通用汽车有限公司	工业制造	
59847	开联通支付服务有限公司	金融	
59848	中国商飞	工业制造	
59849	北京金马甲产权网络交易有限公司	IT信息技术	
59851	北京盛心阳光咨询有限公司	医疗卫生	
59852	91金融	金融	
59854	玖富集团	金融	
59855	海门市信息中心	政府部门	
59856	上海市松江区卫生和计划生育委员会	政府部门	
59857	杭州孚嘉科技有限公司	IT信息技术	
59860	铁锋区教育局	政府	
59862	四川信托	金融	
59863	信和大金融	金融	
59866	达美旅行网	旅游	
59867	上海市农业委员会	未知	
59869	绍兴市人民检察院	政府	
59870	中国房产超市网	未知	
59871	郑州威科姆科技股份有限公司	未知	
59872	第四范式（北京）技术有限公司	互联网	
59874	安徽国际贸易促进网	未知	
59875	海南省通信管理局	未知	
59876	易安财产保险股份有限公司	未知	
59878	上海市卫生和计划生育委员会监督所	未知	
59879	成都轨道交通集团有限公司	未知	
59881	越野e族	未知	
59884	AcFun弹幕视频网	未知	
59885	长天金服	未知	
59886	华泰柏瑞基金管理有限公司	未知	
59892	聚诚（深圳）网络科技有限公司	未知	
59893	江苏省电子口岸有限公司	未知	
59894	上海市松江区血站	未知	
59895	康佳集团股份有限公司呼叫中心	未知	
59896	成都世纪光合作用科技有限公司	未知	
59898	温州市发改委	未知	
59899	中共温州市委组织部	未知	
59906	浙江出入境检验检疫局	政府	
59909	潍柴控股集团有限公司	未知	
59910	新华财富资产管理有限公司	未知	
59915	杭州阔知网络科技有限公司	未知	
59917	安徽省电教馆	未知	
59918	中国徐州网	未知	
59919	浙江省经济信息中心	未知	
59920	北京智景时代科技有限公司	未知	
59921	丽水市政府办公室	未知	
59924	食品商务网	未知	
59925	山东大智教育集团股份有限公司	互联网	
59928	大连华天软件有限公司	未知	
59930	北京中企网动力数码科技有限公司	未知	
59931	宁波大学	未知	
59932	山东世纪开元电子商务有限公司	未知	
59933	北京中网企点科技有限公司	未知	
59934	萧山区公安分局	政府	
59935	广东省高速公路发展股份有限公司	未知	
59936	南京市道路客运联网售票管理服务中心	未知	
59939	泰州市人力资源和社会保障局	未知	
59940	家家乐购	未知	
59945	杭州市经济和信息化委员会	未知	
59947	寺库中国	未知	
59948	中国物品编码中心	未知	
59950	物美	未知	
59951	宁波奉化区公共资源交易中心	未知	
59952	杭州安恒信息技术有限公司	未知	
59953	成都伊藤洋华堂有限公司	未知	
59954	温州职业技术学院成教学院	未知	
59955	重庆市礼仪之邦电子商务有限公司	未知	
59958	瑞安市麦田网络科技有限公司	未知	
59960	常州轻工职业技术学院	未知	
59961	互站网	未知	
59965	宁波财税网	政府	
59966	宁波易灵软件有限公司	未知	
59968	瓯海行政审批中心	未知	
59969	铜陵房地产信息网	未知	
59971	浙江爱信诺航天信息有限公司	未知	
59972	硬笔书法教育考试网	未知	
59973	重庆市文化委员会	未知	
59974	iCMS	互联网	
59975	杭州奎因科技有限公司	未知	
59976	北京华凯思特科技有限公司	未知	
59977	深圳市共速达物流股份有限公司	未知	
59979	安心财产保险有限责任公司	未知	
59981	辽宁省鞍山市农业信息网	未知	
59982	青岛南铭网络科技开发有限公司	未知	
59983	滨州市住房和城乡建设局	政府	
59986	深圳市双梦科技有限公司	互联网	
59988	密西根大学中国信息研究中心	未知	
59989	辽阳市食品药品监督管理局	未知	
59990	慧聪家电电商控股集团	电商	
59996	景德镇陶瓷网	未知	
59997	中国爱艺网	未知	
59998	郴州市人力资源和社会保障局	未知	
60001	内江师范学院	未知	
60002	中信建投期货有限公司	未知	
60004	四川建设网有限责任公司	互联网	
60005	华农财产保险股份有限公司	未知	
60007	重庆有线电视网络股份有限公司	未知	
60009	中国外运股份有限公司	未知	
60011	阜新蒙古族自治县新民学校	未知	
60012	宁波市住房公积金管理中心	未知	
60016	上海岱牧网络有限公司	互联网	
60017	深圳法大大网络科技有限公司	互联网	
60019	五星电器	电商	
60020	建信财产保险有限公司	未知	
60022	广州沐思信息科技有限公司	未知	
60025	微贷(杭州)金融信息服务有限公司	互联网	
60026	中共含山县纪律检查委员会	未知	
60029	上海点掌文化传媒股份有限公司	未知	
60031	南京厚建软件	未知	
60032	中共铜陵市郊区纪委	未知	
60036	Goldwind	未知	
60037	便利蜂	未知	
60039	中原工学院	未知	
60040	珠海市五一一八科技有限公司	未知	
60041	肇庆高要区人民法院	未知	
60042	德阳市人民政府政务服务中心	未知	
60043	西门子（中国）有限公司	未知	
60044	富士康科技	未知	
60046	国美控股集团	电商	
60048	重庆市沙坪坝区人民代表大会	未知	
60049	成都市人力资源社会保障信息中心	未知	
60051	平阳县科学技术局	未知	
60053	北京金和网络股份有限公司	未知	
60054	镇海区政府办	政府	
60056	利得金融服务集团	未知	
60057	安徽省马鞍山工业学校	未知	
60059	新开普电子股份有限公司	未知	
60062	海城人才网	未知	
60064	重庆电力建设总公司	未知	
60065	浙江省科技厅	未知	
60068	北京互联港湾科技有限公司	未知	
60069	浙江省安全生产监督管理局	未知	
60070	博天环境集团股份有限公司	未知	
60072	射洪县电子政务外网办公室	政府	
60073	休宁县政府门户网站	未知	
60075	四川大学华西第二医院	未知	
60076	佳木斯市农业委员会	政府	
60082	朗姿股份有限公司	未知	
60084	贵州移动	未知	
60086	联讯证券股份有限公司	未知	
60087	前海亿车	未知	
60088	沈阳工程学院信息网络中心	高校	
60092	杭州宏华数码科技股份有限公司	未知	
60096	湖北巨牛网络科技有限公司	未知	
60097	宁夏电信	未知	
60100	掌众金服	未知	
60102	中国国际扶贫中心	未知	
60104	云南省普洱卫生学校	未知	
60105	首钢集团	未知	
60108	东风柳州汽车有限公司	未知	
60109	北京卡达克数据技术中心	未知	
60113	甘肃中甘网传媒有限责任公司	未知	
60127	神州鹰软件科技有限公司	未知	
60133	四川信息职业技术学院	未知	
60134	四川工商职业技术学院	未知	
60135	广东省国土资源厅	政府	
60137	广州市教育局	未知	
60138	渤海财产保险股份有限公司	未知	
60139	迈普通信技术股份有限公司	未知	
60140	邢台银行股份有限公司	未知	
60143	中意人寿保险有限公司	未知	
60144	广东金融学院	未知	
60145	中山大学南方学院	未知	
60146	台州市委市政府信息中心	政府	
60147	锐狐网络	未知	
60148	龙湾区大数据管理中心	未知	
60149	天津渤海商品交易所股份有限公司	未知	
60150	珠海市金湾区信息中心	未知	
60151	东莞职业技术学院	未知	
60153	安徽网络广播电视台	未知	
60155	北京市经济信息中心	未知	
60156	浙江财经大学东方学院	未知	
60157	国家标准化管理委员会	未知	
60159	江苏工程职业技术学院	高校	
60160	湖北文理学院文学院	未知	
60161	中国嘉兴门户网站	未知	
60162	宁夏银行股份有限公司	未知	
60163	甘肃电信	未知	
60165	陕西省地方电力（集团）有限公司	未知	
60170	甘肃移动	未知	
60171	湖北省高级人民法院	未知	
60172	安徽省司法厅	未知	
60174	中国儿童福利和收养中心	未知	
60175	河南省质量技术监督局	未知	
60176	东风汽车公司	未知	
60177	山东省海洋与渔业厅	未知	
60178	中国科学技术协会	未知	
60180	湖北巨牛网络科技有限公司	未知	
60181	湖南商学院	未知	
60182	中国就业培训技术指导中心	未知	
60183	湖南农业大学	未知	
60186	华数数字电视传媒集团有限公司	未知	
60187	昆明理工大学	未知	
60190	浦东新区电子政务管理中心	未知	
60191	成都理工大学	未知	
60194	广西壮族自治区疾病预防控制中心	政府	
60196	南京工业大学	未知	
60198	中国电信云计算公司	未知	
60199	甘肃省卫生与计划生育委员会	未知	
60201	阜新市发改委	未知	
60202	徐州工程学院	未知	
60204	中国地震台网中心	未知	
60208	湖南广播电视大学	未知	
60210	青海民族大学	未知	
60211	培黎职业学院	未知	
60214	上海会畅通讯股份有限公司	未知	
60216	醋溜网络科技股份有限公司	未知	
60219	北京邮电大学	未知	
60221	中国外汇交易中心	未知	
60222	雅戈尔集团股份有限公司	未知	
60223	广东万和新电气股份有限公司	未知	
60225	河南省气象服务中心	未知	
60228	中国电建集团华东勘测设计研究院有限公司	未知	
60234	销售易	未知	
60236	萌绘图站开发组	互联网	
60238	竹山县教育局	未知	
60241	世纪佳缘	未知	
60244	中国戏曲学院	未知	
60247	广东省人力资源和社会保障厅	未知	
60248	安徽省人民政府	未知	
60249	荆州市第一人民医院	未知	
60250	新航道国际教育集团	未知	
60251	郑州航空工业管理学院	未知	
60253	广东出入境检验检疫局	未知	
60255	宁波银行股份有限公司	未知	
60256	上海优尚信息科技有限公司	未知	
60257	玉林师范学院	未知	
60259	南宁学院	未知	
60260	苏州市人力资源和社会保障局	未知	
60261	徐州市教育局	未知	
60263	湖北省科技厅	未知	
60264	中青奇未	未知	
60265	郑州轻工业学院	未知	
60266	广州视源股份有限公司	未知	
60268	江苏省南京市中级人民法院	未知	
60269	郑州索特信息技术有限公司	未知	
60270	浙江理工大学	未知	
60273	广东省交通运输厅	未知	
60274	上海石化工业学校	未知	
60275	合力贷（北京）科技有限公司	未知	
60277	徐州市国土资源局	未知	
60279	华东政法大学	未知	
60280	北京经纬信息技术公司	未知	
60282	江苏师范大学	未知	
60285	平顶山市教育局	未知	
60287	哦加哦网络科技（上海）有限公司	未知	
60288	一嗨租车	互联网	
60289	江西省住房和城乡建设厅	政府	
60290	华信期货	未知	
60294	舟山人力资源和社会保障信息中心	未知	
60295	上海信而富企业管理有限公司	未知	
60297	广西师范学院	未知	
60298	亳州市人力资源和社会保障局	未知	
60301	苏州盖雅信息技术有限公司	未知	
60303	金川集团股份有限公司	未知	
60304	嘉兴市统计局	未知	
60305	湖南工业大学	高校	
60306	安徽新媒体集团有限公司	未知	
60307	黄山人力资源和社会保障局	政府	
60308	谷谷交易平台	未知	
60309	首都经济贸易大学	高校	
60312	宁夏安监局	未知	
60315	浙江省政务服务网	政府	
60316	天翼视讯	未知	
60318	北京首都国际机场股份有限公司	未知	
60319	广州铁职院	未知	
60324	四川工商学院	高校	
60325	上海报业集团	未知	
60327	龙虎网	未知	
60328	妈妈说	未知	
60330	山西省人力资源和社会保障厅	未知	
60332	百丽吧	未知	
60334	兰州大学安全应急响应组	高校	
60335	安润金融	未知	
60336	派博在线（北京）科技有限责任公司	未知	
60337	飞牛网	未知	
60338	华新水泥股份有限公司	未知	
60339	北京中车宝联科技有限公司	未知	
60340	广州广电计量检测股份有限公司	未知	
60342	九江学院	未知	
60343	安徽文华软件信息科技有限公司	未知	
60344	南方医科大学	未知	
60345	上海电子信息职业技术学院	高校	
60347	蓝鸥科技有限公司	未知	
60349	安徽省商务厅	未知	
60350	兴业证券股份有限公司	金融	
60351	飞客茶馆旅行网	未知	
60353	杭州星巢网络科技有限公司	互联网	
60354	北京我乐视界	未知	
60355	沭阳网	未知	
60356	安徽省商务厅走出去	未知	
60358	马鞍山市信息化管理办公室	未知	
60359	易通金服支付有限公司	互联网	
60361	海外网传媒有限公司	未知	
60363	大连艺术学院	未知	
60364	云企网络	未知	
60365	中证机构间报价系统	未知	
60366	山东小鸭集团有限责任公司	未知	
60367	上海联启	未知	
60368	广东锐进广告有限公司	未知	
60372	罗盘	未知	
60373	湖南自考网	未知	
60374	河南礼恰网络科技有限公司	未知	
60376	吉林省长白山保护开发区管理委员会	未知	
60379	浙江旅游职业学院	高校	
60381	云南财经大学	未知	
60384	傲天	未知	
60385	北京恒业创达科技有限公司	未知	
60388	赫基集团	未知	
60389	四川省地方税务局	未知	
60390	北京一路魔方科技有限公司	未知	
60392	东莞市百塔网络科技有限公司	互联网	
60396	河北省食品药品监督管理局	政府	
60398	学者网	未知	
60399	蓝鸥	未知	
60400	蓝鸥科技	未知	
60401	宁波银行	未知	
60402	江西财经大学团委	未知	
60403	广东村村通科技有限公司	未知	
60404	上海百仕瑞	未知	
60407	上海金运网络科技有限公司	未知	
60408	华龙区财政局	未知	
60409	北京众嘉禾励科技有限公司	未知	
60411	河北农业大学	高校	
60415	顺电网上商城	未知	
60416	江苏省南通第一中学	未知	
60417	武汉好医家科技有限公司	未知	
60419	金川集团	未知	
60422	江苏省人力资源和社会保障厅	未知	
60426	上海市对外服务有限公司	未知	
60427	上海西默通信技术有限公司	未知	
60428	上海亿速网络科技有限公司	未知	
60429	新乐市人民政府	未知	
60430	北京邦融汇金融信息服务有限公司	未知	
60432	湖南出入境检验检疫局	未知	
60433	北京市海淀区教育科学研究院	未知	
60434	广东健客医药有限公司	未知	
60435	首约科技有限责任公司	互联网	
60436	晋商消费金融股份有限公司	未知	
60438	山西财经大学	高校	
60440	达州市人民政府门户网	未知	
60441	中国移动通信集团湖北有限公司	未知	
60446	共青团北京市委员会	未知	
60448	趣店集团	互联网	
60449	川财证券	未知	
60452	长丰县人民政府	政府	
60455	中国音乐学院	未知	
60457	华中师范大学信息化办公室	未知	
60460	山东海科化工集团有限公司	未知	
60464	兰州市住房保障和房产管理局	未知	
60466	长沙医学院	高校	
60467	华海财产保险股份有限公司	未知	
60471	湖北宜都网	未知	
60472	复星医药	未知	
60473	鲸准	未知	
60474	58到家	互联网	
60475	德州市文明办	未知	
60476	深圳爱问科技股份有限公司	未知	
60477	德州文明网	未知	
60481	深圳维盟科技股份有限公司	未知	
60482	常州市教育科学研究院	未知	
60484	佛山市云迈电子商务有限公司	互联网	
60487	东华软件股份公司	未知	
60491	一亩田	未知	
60492	新奥集团股份有限公司	未知	
60493	上海市新闻出版局	未知	
60494	桂林理工	高校	
60495	湖北省楚天云有限公司	未知	
60496	山东银座信息科技有限公司	未知	
60497	湖南省体育局体育彩票管理中心	未知	
60501	山西建筑职业技术学院	未知	
60502	omegatravel	未知	
60504	宁波江北区财政局	未知	
60506	ctcms	未知	
60507	中国兰花交易网	未知	
60508	北京市朝阳区卫生和计划生育监督所	政府	
60510	熊猫直播	未知	
60511	浙江邮电职业技术学院	高校	
60513	深圳市财富趋势科技股份有限公司	未知	
60515	山东省人民检察院	政府	
60516	玉环市社会保险事业管理中心	未知	
60521	朝阳区社会保险基金管理中心	政府	
60523	资阳市人力资源和社会保障局	未知	
60525	余杭区政府	政府	
60526	衡阳市人社局	未知	
60527	上海英方软件股份有限公司	未知	
60532	上海云蟾数码科技有限公司	未知	
60533	Z-Blog	未知	
60534	浙江物产集团	未知	
60535	ThinkCMF	未知	
60547	紫金农商银行股份有限公司	金融	
60548	中路财产保险股份有限公司	保险	
60549	无锡网聚人才信息科技有限公司	未知	
60552	无锡聚才网	未知	
60553	三亚人才网	未知	
60554	上海伍贤信息技术股份有限公司	未知	
60556	天意有福科技股份有限公司	未知	
60557	浙江大学继续教育学院	未知	
60560	北京华品博睿网络技术有限公司	互联网	
60561	兰花交易网	未知	
60562	晋商银行股份有限公司	未知	
60563	安徽省环境保护厅	政府	
60566	塔城市人民政府网	政府	
60567	吉林省旅游信息中心	未知	
60568	海迈科技股份有限公司	未知	
60572	宣城市人力资源保障局	未知	
60574	桂东县	未知	
60576	江西省就业服务管理局	未知	
60578	芜湖市人力资源和社会保障局	未知	
60579	晋城人才网	未知	
60582	济南市工商行政管理局	未知	
60583	安仁门户	未知	
60586	厦门二五八网络科技集团股份有限公司	未知	
60588	佛山欧神诺陶瓷有限公司	未知	
60589	四川日报网络传媒发展有限公司	未知	
60590	上海有笑网络科技有限公司	未知	
60591	华融湘江银行	未知	
60592	长沙市朗文网络科技有限公司	未知	
60594	杭州绿湾网络科技有限公司	互联网	
60595	雅座	互联网	
60596	天马微电子股份有限公司	未知	
60597	易名小站	未知	
60598	福建生物工程职业技术学院	高校	
60599	北京金融资产交易所有限公司	未知	
60601	上海依图网络科技有限公司	未知	
60602	天马微电子集团	未知	
60604	优慕课在线教育科技（北京）有限责任公司	未知	
60606	安徽省计划生育证件网上申请网	未知	
60609	上海信贺贸易有限公司	未知	
60610	浙江省温州市瑞安市人民政府	未知	
60612	四川建筑职业技术学院	未知	
60613	老虎证券	金融	
60614	亚太财产保险有限公司	未知	
60615	厦门市中医院	医药	
60616	金联储（北京）金融信息服务有限公司	未知	
60617	天津外国语大学附属外国语学校	未知	
60618	绍兴E网	互联网	
60620	四川省扶贫和移民局	未知	
60622	北京建工集团有限责任公司	未知	
60623	长城宽带网络服务有限公司	互联网	
60624	长沙市科学技术局	未知	
60625	东吴人寿保险股份有限公司	未知	
60627	广州商淘信息科技有限公司	未知	
60628	北京尚德在线教育科技有限公司	未知	
60629	上海恺英网络科技有限公司	未知	
60632	宿松县政府	政府	
60633	浙江易德信息技术有限公司	未知	
60634	上海顶想信息科技有限公司	互联网	
60635	江苏银行股份有限公司	未知	
60636	网贷之家	未知	
60638	银行间市场交易商协会	未知	
60643	粉丝网	未知	
60645	南昌市教育局	未知	
60648	家园网	互联网	
60649	南京视客网络科技有限公司	未知	
60651	温州市公安局鹿城区分局	未知	
60652	珠海华润银行	未知	
60656	厦门市思明区政务信息中心	政府	
60657	牡丹江农业信息中心	未知	
60659	华勤通讯技术有限公司	未知	
60660	远光软件股份有限公司	互联网	
60661	上海合合信息科技发展有限公司	互联网	
60662	上海信息产业（集团）有限公司	未知	
60664	上海冰鉴信息科技有限公司	未知	
60665	即刻APP	未知	
60669	北京亿赛通科技发展有限责任公司	未知	
60670	台州职业技术学院	未知	
60671	大金中国投资有限公司	未知	
60672	佛山市海网电子商务有限公司	未知	
60673	北京优品惠网络科技有限公司	互联网	
60674	北京惠买在线网络科技有限公司	电商	
60676	北京久其软件股份有限公	未知	
60677	合众财产保险股份有限公司	未知	
60678	河南振辉软件科技有限公司	未知	
60679	云南工程职业学院	未知	
60683	车好多集团	未知	
60684	saxuecms	未知	
60687	昆仑联通	未知	
60691	宁夏回族自治区财政厅	未知	
60692	中国建筑股份有限公司	未知	
60693	北京时尚优品网络科技有限公司	未知	
60695	舟山市交通运输局	未知	
60699	微微金融	未知	
60701	广东长荣科技有限公司	未知	
60702	花瓣网	未知	
60704	浙江省台州市三门县政府	未知	
60705	安徽省民政厅	未知	
60706	台州市中心医院(台州学院附属医院)	未知	
60707	英典电子商务有限责任公司	未知	
60711	台州市第一人民医院	未知	
60714	江苏厚学网信息技术股份有限公司	未知	
60716	北京开元周游国际旅行社股份有限公司	未知	
60723	重庆工商大学信息化办公室	未知	
60724	武汉市农业科学院	未知	
60725	厦门欣欣信息有限公司	互联网	
60726	厦门欣旅通科技有限公司	互联网	
60727	浙江人众金融服务股份有限公司	未知	
60730	北京华瑞网研科技有限公司	未知	
60732	巴林左旗人民政府	未知	
60733	江山市教育技术中心	政府	
60735	温州市瓯海区人民政府	未知	
60737	杭州会搜科技股份有限公司	未知	
60741	陕西铁路工程职业技术学院	未知	
60742	遂宁市残疾人联合会	未知	
60743	上海易班企业发展有限公司	未知	
60768	六安市国土资源局（不动产登记局）	15	
60770	上海加数信息科技有限公司	16	
60772	中共鸡西市纪律检查委员会	-1	
60781	上海工商职业技术学院	13	
60782	长沙优学互动信息技术有限公司	13	
60783	北京东方雨虹防水技术有限公司	8	
60785	国信电子票据平台信息服务有限公司	16	
60786	深圳市杨程商贸有限公司	12	
60790	浙江省测绘与地理信息局	15	
60794	杭州博世数据网络有限公司	13	
60800	中天金融集团股份有限公司	16	
60803	北京师范大学香港浸会大学联合国际学院	13	
60805	新城控股集团股份有限公司	3	
60807	锡林郭勒盟外设计划生育委员会	14	
60812	郑州信泽华计算机技术开发有限公司	18	
60821	浙江警官职业学院	13	
60822	北京豆果信息技术有限公司	18	
60824	全军武器装备采购信息网	15	
60828	大连市人力资源和社会保障局	15	
60830	健康在线	13	
60832	信元公众信息发展有限责任公司	17	
60837	深圳市人力资源和社会保障局	15	
60841	北京市海淀区新闻中心	18	
60844	武汉市园林和林业局	15	
60847	杭州大搜车汽车服务有限公司	18	
60848	渭南政法网	15	
60849	大童保险销售服务有限公司	16	
60850	宜宾创享网络科技有限责任公司	18	
60851	北京鑫方盛五金交电有限公司	18	
60852	河北艺术职业学院	13	
60854	广州电信互创中心	17	
60855	江西贪玩信息技术有限公司	18	
60857	中共江苏省委组织部	15	
60863	宿迁市宿城区委组织部	15	
60869	深圳市龙岗中心医院	14	
60870	山东博科科学仪器有限公司	9	
60871	厦门青瓷数码技术有限公司	18	
60872	南阳市人力资源和社会保障局	15	
60875	河南电子音像出版社有限公司	13	
60876	郑州市中奥网络技术有限公司	18	
60883	海大集团	9	
60891	郑州轨道交通有限公司	12	
60893	上海比璟网络科技有限公司	18	
60895	无二之旅	7	
60897	乐山创艺网络科技有限公司	18	
60898	台州日报社	10	
60907	河北航空	12	
60922	江西建设职业技术学院	13	
60925	赣州师范高等专科学校	13	
60926	江西旅游商贸职业学院	13	
60927	江西医学高等专科学校	13	
60928	江西机电职业技术学院	13	
60929	sitc	12	
60931	得仕股份有限公司	16	
60932	广州中缆信息科技有限公司	18	
60933	井冈山大学	13	
60935	江西师范高等专科学校	13	
60952	上饶师范学院	13	
60955	江西航空职业技术学院	13	
60958	江西水利职业学院	13	
60959	M800	17	
60961	宜春职业技术学院	13	
60966	江西泰豪动漫职业学院	13	
60968	邢台市人力资源和社会保障局	15	
60970	盐城市人力资源和社会保障局	15	
60971	南通市人力资源和社会保障局	15	
60973	西安普惠健康体检有限公司	6	
60976	海通证券股份有限公司	16	
60987	安徽深燃天然气有限公司	8	
60992	十堰市人民政府门户网站	10	
60994	贵港市住房公积金管理中心	15	
60996	广州市和能投资有限公司	18	
61000	北京纷扬科技有限责任公司	18	
61001	宿迁市电子政务办公室	15	
61003	千钧万博（北京）信息技术有限公司	10	
61006	微乐商城	18	
61007	湖北省教育考试院	13	
61008	湖州市大数据管理中心	15	
61009	宿迁人力资源和社会保障局	14	
61011	湖南省直单位住房公积金管理中心	14	
61015	西安建设工程交易中心	15	
61019	安徽省公安厅网站群	15	
61022	浙江省乐清市教育局	15	
61025	脚本之家网	18	
61027	中共宿迁市宿城区委组织部	15	
61028	安徽省人民政府网站	4	
61039	广州摩拉网络科技有限公司	7	
61040	保定市人力资源和社会保障局	15	
61042	张家港市人力资源和社会保障局	14	
61044	ZAMS	18	
61049	鄂尔多斯市金威建设集团有限公司	3	
61050	湖南水利水电职业技术学院	13	
61055	安徽省物价局	15	
61060	西南科技大学	13	
61062	海南赞赞网络科技有限公司	18	
61064	中智	18	
